smiles,label,pred,sub_name
Cc1ccc2c(c1)Oc1ncc(N)cc1C(=O)N2C,-3.0429999828338623,-3.721362829208374,noname
CCCCCCc1ccccc1,-5.210000038146973,-5.137967586517334,noname
COc1c2occc2c(OC)c2c(=O)cc(C)oc12,-3.0209999084472656,-3.6054890155792236,noname
Cc1ccc2cc3ccccc3cc2c1,-6.960000038146973,-6.137895107269287,noname
CCOc1ccc(NC(N)=O)cc1,-2.1700000762939453,-2.303133964538574,noname
O=C1CCC(N2C(=O)c3ccccc3C2=O)C(=O)N1,-2.6760001182556152,-3.2421469688415527,noname
CCCC=C(C=O)CC,-2.4600000381469727,-2.403778314590454,noname
CC(C)CCCO,-1.1399999856948853,-0.7504701614379883,noname
CC(C)Oc1cc(-n2nc(C(C)(C)C)oc2=O)c(Cl)cc1Cl,-5.696000099182129,-6.033801555633545,noname
CC(=O)OCC(=O)C1(O)C(OC(C)=O)CC2C3CCC4=CC(=O)C=CC4(C)C3(F)C(O)CC21C,-4.130000114440918,-3.4653289318084717,noname
CCCCCCCCCCCCCCCCO,-7.0,-6.231351375579834,noname
O=[N+]([O-])c1ccc(Oc2ccc(Cl)cc2Cl)cc1,-5.460000038146973,-5.693274974822998,noname
N#Cc1cc(Br)c(O)c(Br)c1,-3.3299999237060547,-3.5933914184570312,noname
CC1Cc2ccccc2N1NC(=O)c1ccc(Cl)c(S(N)(=O)=O)c1,-3.5859999656677246,-4.27811861038208,noname
CCCCBr,-2.369999885559082,-2.312331199645996,noname
COC(=O)c1ccccc1,-1.850000023841858,-1.5827544927597046,noname
Oc1ccccc1,0.0,-0.012806937098503113,noname
Nc1ccccc1O,-0.7200000286102295,-0.8856116533279419,noname
C=C(C)C(=C)C,-2.4000000953674316,-2.1182143688201904,noname
CCCCC=O,-0.8500000238418579,-0.421591579914093,noname
CCOC(=O)c1ccccc1,-2.319999933242798,-2.183157444000244,noname
O=[N+]([O-])c1cccc([N+](=O)[O-])c1,-2.2899999618530273,-2.8659722805023193,noname
C=CCCCC,-3.2300000190734863,-3.1872143745422363,noname
CC12CCC(=O)C=C1CCC1C2CCC2(C)C(O)CCC12,-4.019999980926514,-4.005496978759766,noname
O=Cc1ccc2c(c1)OCO2,-1.6299999952316284,-1.6168200969696045,noname
CCCCCCCCOC(=O)c1ccccc1C(=O)OCCCCCCCC,-5.114999771118164,-6.79628324508667,noname
C[N+](=O)[O-],0.25999999046325684,0.5869344472885132,noname
ClC(Cl)=C(c1ccc(Cl)cc1)c1ccc(Cl)cc1,-6.900000095367432,-7.128118991851807,noname
Cc1ncnc2nccnc12,-0.4659999907016754,-0.23069967329502106,noname
CC(=O)OCC(=O)C1(O)CCC2C3CCC4=CC(=O)CCC4(C)C3C(O)CC21C,-4.880000114440918,-3.381462812423706,noname
Clc1ccccc1,-2.380000114440918,-2.001380443572998,noname
CNN,1.340000033378601,1.0126289129257202,noname
CCC(C)(C)CC,-4.230000019073486,-4.078750133514404,noname
CC(=O)C1(O)CCC2C3CC(C)C4=CC(=O)C=CC4(C)C3(F)C(O)CC21C,-4.098999977111816,-3.5274064540863037,noname
CC1CC(C)C(=O)C(C(O)CC2CC(=O)NC(=O)C2)C1,-1.1299999952316284,-0.9379202723503113,noname
Cc1cc2ccccc2c2ccc3ccccc3c12,-6.590000152587891,-7.2235846519470215,noname
CCSCc1ccccc1OC(=O)NC,-2.0899999141693115,-2.495025157928467,noname
OC1CCCCC1,-0.4399999976158142,-0.12953446805477142,noname
CCC1(c2ccccc2)CCC(=O)NC1=O,-2.3369998931884766,-2.6203019618988037,noname
Cc1c(F)c(F)c(COC(=O)C2C(C=C(Cl)C(F)(F)F)C2(C)C)c(F)c1F,-7.321000099182129,-7.727738857269287,noname
Oc1ccccc1O,0.6200000047683716,-0.20484434068202972,noname
NS(=O)(=O)c1cc2c(cc1Cl)N=CNS2(=O)=O,-3.049999952316284,-3.542602062225342,noname
CCCCOC(=O)c1ccc(N)cc1,-3.0820000171661377,-2.9674830436706543,noname
CCN1C(=O)c2ccccc2Oc2ccccc21,-3.680000066757202,-4.134881973266602,noname
Clc1ccc(Cl)c(-c2c(Cl)c(Cl)cc(Cl)c2Cl)c1,-7.420000076293945,-8.342464447021484,noname
CC(C)C,-2.549999952316284,-2.271535873413086,noname
C=CCC1(CC=C)C(=O)NC(=O)NC1=O,-2.0769999027252197,-2.1084020137786865,noname
C#CC(C)OC(=O)Nc1cccc(Cl)c1,-2.617000102996826,-3.2369518280029297,noname
CCCCCCCC,-5.239999771118164,-4.686363697052002,noname
ClC=C(Cl)Cl,-1.9600000381469727,-2.126253604888916,noname
ClC(Cl)Cl,-1.1699999570846558,-1.0847787857055664,noname
ClC1=C(Cl)C(Cl)(C2(Cl)C(Cl)=C(Cl)C(Cl)=C2Cl)C(Cl)=C1Cl,-7.2779998779296875,-7.472390651702881,noname
Oc1ccc(Cl)c(Cl)c1,-1.25,-1.3864024877548218,noname
OC1CCCCCCC1,-1.2899999618530273,-1.1095465421676636,noname
CBr,-0.7900000214576721,-0.5403560400009155,noname
Clc1ccccc1I,-3.5399999618530273,-3.2388806343078613,noname
CN(C)C(=O)OC1=CC(=O)CC(C)(C)C1,-0.8500000238418579,-0.6493617296218872,noname
Cn1c(=O)c2[nH]cnc2n(C)c1=O,-1.3899999856948853,-0.8984005451202393,noname
Cc1cc(C)cc(C)c1,-3.4000000953674316,-3.505981922149658,noname
Cc1c(N(C)C)c(=O)n(-c2ccccc2)n1C,-0.36399999260902405,-0.3298323154449463,noname
ClC(Cl)C(Cl)Cl,-1.7400000095367432,-1.8879462480545044,noname
CC1(C)C(C=C(Cl)Cl)C1C(=O)OC(C#N)c1cccc(Oc2ccccc2)c1,-8.017000198364258,-7.9099440574646,noname
COc1ccc([N+](=O)[O-])cc1,-2.4100000858306885,-2.428598403930664,noname
Cn1cc(-c2ccccc2)c(=O)c(-c2cccc(C(F)(F)F)c2)c1,-4.445000171661377,-4.630767345428467,noname
c1ccc2[nH]ccc2c1,-1.5199999809265137,-1.5783531665802002,noname
CCCCc1c(C)nc(N(C)C)nc1O,-2.240000009536743,-2.3011744022369385,noname
CC(C)[N+](=O)[O-],-0.6200000047683716,-0.5550029277801514,noname
CCCOC(=O)c1ccc(N)cc1,-2.4519999027252197,-2.599494218826294,noname
CSc1nc(NC(C)C)nc(NC(C)C)n1,-4.099999904632568,-4.262150287628174,noname
Oc1ncc2nccnc2n1,-1.9470000267028809,-1.2437498569488525,noname
CC(=O)N(c1onc(C)c1C)S(=O)c1ccc(N)cc1,-3.5899999141693115,-3.542466878890991,noname
Clc1ccc(-c2ccccc2Cl)cc1,-5.28000020980835,-5.8026604652404785,noname
CC1COC2CC3(C)C(CC4C5C=C6CC(O)CCC6(C)CC5CCC43C)OC2C1,-7.320000171661377,-5.922316074371338,noname
Cc1cc([N+](=O)[O-])cc([N+](=O)[O-])c1O,-1.4559999704360962,-2.3194420337677,noname
CC(=O)OCC(=O)C1(O)CCC2C3CCC4=CC(=O)C=CC4(C)C3C(O)CC21C,-4.369999885559082,-3.4069972038269043,noname
CCCCCCCO,-1.809999942779541,-1.2924318313598633,noname
CCOP(=S)(OCC)SC(CCl)N1C(=O)c2ccccc2C1=O,-6.340000152587891,-6.91262674331665,noname
Clc1ccc(C(c2ccc(Cl)cc2)C(Cl)Cl)cc1,-7.199999809265137,-6.860483646392822,noname
Nc1cc(N2CCCCC2)nc(N)[n+]1[O-],-1.9889999628067017,-2.5021588802337646,noname
C/C=C\CC,-2.5399999618530273,-2.566234588623047,noname
O=C1c2ccccc2C(=O)c2ccccc21,-5.190000057220459,-5.561751365661621,noname
CC(=O)CCC1C(=O)N(c2ccccc2)N(c2ccccc2)C1=O,-3.2699999809265137,-3.7165603637695312,noname
C=CC1(C)OC(=O)N(c2cc(Cl)cc(Cl)c2)C1=O,-4.925000190734863,-5.179673194885254,noname
Oc1ccc(Cl)c(Cl)c1Cl,-2.6700000762939453,-2.4324426651000977,noname
Clc1ccc(-c2cc(Cl)ccc2Cl)c(Cl)c1,-6.570000171661377,-7.118214130401611,noname
CC(C)OC(=O)C(O)(c1ccc(Br)cc1)c1ccc(Br)cc1,-4.929999828338623,-4.6258955001831055,noname
COP(=S)(OC)SCC(=O)N(C)C=O,-1.9950000047683716,-1.918847918510437,noname
CCC(C)CCO,-0.7099999785423279,-0.6414649486541748,noname
CC1=CCCCC1,-3.2699999809265137,-3.1154470443725586,noname
CCOC(=O)NCCOc1ccc(Oc2ccccc2)cc1,-4.699999809265137,-4.9821553230285645,noname
COC1=CC2OC3C=CC(O)=CC3C(=O)C2C(O)=C1,-2.943000078201294,-3.287318706512451,noname
CC(=O)c1ccccc1,-1.2799999713897705,-1.3135961294174194,noname
CC(C)SC(C)C,-2.240000009536743,-2.049070358276367,noname
CCCC1COC(Cn2cncn2)(c2ccc(Cl)cc2Cl)O1,-3.493000030517578,-3.8311305046081543,noname
Oc1cccc(Cl)c1Cl,-1.2999999523162842,-1.6100250482559204,noname
CC(=O)OC1CCC2C3CCC4=CC(=O)CCC4(C)C3CCC12C,-5.184000015258789,-4.854762077331543,noname
CC12CCC(=O)C=C1CCC1C2C(O)CC2(C)C(C(=O)CO)CCC12,-3.240000009536743,-3.0206074714660645,noname
CCCCOC(=O)c1ccccc1C(=O)OCCCC,-4.400000095367432,-4.517881870269775,noname
CC(C)OC(C)C,-1.100000023841858,-0.9871850609779358,noname
CC(C)CBr,-2.430000066757202,-2.203604221343994,noname
CCOP(=S)(OCC)Oc1nc(Cl)c(Cl)cc1Cl,-5.670000076293945,-5.613199710845947,noname
Cc1cc(Cl)ccc1N=CN(C)C,-2.859999895095825,-3.0488531589508057,noname
CCS,-0.6000000238418579,-0.6532294750213623,noname
c1ccc(NNc2ccccc2)cc1,-2.9200000762939453,-2.7222719192504883,noname
Oc1ccc(Cl)cc1,-0.699999988079071,-1.007013201713562,noname
c1ccc(-c2ccccc2)cc1,-4.34499979019165,-4.3290629386901855,noname
CCCCCCCCC(=O)OCC,-3.799999952316284,-3.824632167816162,noname
Cc1ccc(S(N)(=O)=O)cc1,-1.7400000095367432,-1.2573610544204712,noname
CCCCC(C)(O)CC,-1.600000023841858,-1.1536415815353394,noname
Clc1ccc(Cl)c(-c2c(Cl)c(Cl)c(Cl)c(Cl)c2Cl)c1,-8.9399995803833,-8.889238357543945,noname
CCCC(=O)OCN1C(=O)NC(c2ccccc2)(c2ccccc2)C1=O,-5.071000099182129,-5.719630241394043,noname
Clc1ccc(Cl)c(-c2cc(Cl)c(Cl)c(Cl)c2Cl)c1,-7.679999828338623,-8.27609634399414,noname
C=CCCCCC,-3.7300000190734863,-3.7950029373168945,noname
C=CC,-1.0800000429153442,-1.2710365056991577,noname
Cc1[nH]c(=O)n(C(C)(C)C)c(=O)c1Cl,-2.4839999675750732,-2.1068930625915527,noname
Cc1ccc2c(ccc3c4c5c(cccc5cc32)CC4)c1,-7.920000076293945,-8.149818420410156,noname
CCCCCCC(=O)OCC,-2.740000009536743,-2.8948583602905273,noname
CCC1(c2ccccc2)C(=O)NC(=O)NC1=O,-2.322000026702881,-2.2711968421936035,noname
ClC(Cl)Br,-1.5399999618530273,-1.301387906074524,noname
Cc1cc(S(=O)(=O)c2ccccc2)ccc1NS(=O)(=O)C(F)(F)F,-3.799999952316284,-3.909060478210449,noname
CC12CC1(C)C(=O)N(c1cc(Cl)cc(Cl)c1)C2=O,-4.800000190734863,-5.355552673339844,noname
OC1C(O)C(O)C(O)C(O)C1O,0.3499999940395355,0.45586097240448,noname
Nc1nc2[nH]cnc2c(=O)[nH]1,-3.5829999446868896,-3.433098793029785,noname
Cc1ccccc1C,-2.799999952316284,-2.649843454360962,noname
CN(C)C(=O)Nc1ccc(Cl)cc1,-2.890000104904175,-2.4674482345581055,noname
Cc1cccc(C)c1O,-1.2899999618530273,-1.269572138786316,noname
CC(C)NC(=O)N1CC(=O)N(c2cc(Cl)cc(Cl)c2)C1=O,-4.375999927520752,-4.734725475311279,noname
COc1cnc2ncncc2n1,-1.1390000581741333,-0.6169927716255188,noname
C=C(Cl)Cl,-1.6399999856948853,-1.6062499284744263,noname
CC12CCC(=O)C=C1CCC1C2C(O)CC2(C=O)C(C(=O)CO)CCC12,-3.8499999046325684,-2.7275493144989014,noname
Clc1ccc(C(c2ccc(Cl)cc2)C(Cl)(Cl)Cl)cc1,-7.150000095367432,-7.285409927368164,noname
CC(=O)Nc1ccc(Br)cc1,-3.0829999446868896,-2.6748251914978027,noname
O=C1NC(=O)C2C3C(C(O)(c4ccccc4)c4ccccn4)=CC(C3=C(c3ccccc3)c3ccccn3)C12,-3.930999994277954,-4.054927349090576,noname
Nc1cccc(Cl)c1,-1.3700000047683716,-1.1680246591567993,noname
COC1=C(OC)C2C(=O)OCC2C=C1,-1.8990000486373901,-2.308353900909424,noname
CCCCOc1ccc(C(=O)OCC)c(N(CC)CC)c1,-3.8399999141693115,-5.60143518447876,noname
CCCCCC(O)CC,-1.9800000190734863,-1.3919726610183716,noname
O=Cc1ccccc1,-1.190000057220459,-1.0881214141845703,noname
CC(C)C(C)O,-0.18000000715255737,0.11538149416446686,noname
COC(C)(C)CCCC(C)CC=CC(C)=CC(=O)OC(C)C,-5.190000057220459,-5.857426166534424,noname
CCCCC(=O)OC,-1.340000033378601,-1.4349523782730103,noname
CN(C)C(=O)Nc1ccccc1,-1.600000023841858,-1.5370107889175415,noname
CC(C)OC(=O)Nc1cccc(Cl)c1,-3.380000114440918,-3.4064745903015137,noname
C=C(Cl)CSC(=S)N(CC)CC,-3.390000104904175,-3.788691520690918,noname
CCOCCOCC,-0.7699999809265137,-0.20810623466968536,noname
Brc1ccc2ccccc2c1,-4.400000095367432,-4.522055149078369,noname
O=[N+]([O-])C(Cl)(Cl)Cl,-2.0,-1.587747573852539,noname
O=C1NC(=O)C(=O)C(=O)N1,-1.25,-0.8457618951797485,noname
COc1ccc(C(c2ccc(OC)cc2)C(Cl)(Cl)Cl)cc1,-6.889999866485596,-6.828237056732178,noname
Nc1ccccc1,-0.4099999964237213,-0.7032521367073059,noname
N#CC(OC1OC(COC2OC(CO)C(O)C(O)C2O)C(O)C(O)C1O)c1ccccc1,-0.7699999809265137,-0.17590098083019257,noname
CCCCCCCCCCCCCCCO,-6.349999904632568,-5.848323345184326,noname
Cc1cccc2c1ccc1ccccc12,-5.849999904632568,-5.651152610778809,noname
Cc1ccccc1-n1c(C)nc2ccccc2c1=O,-2.924999952316284,-2.9335708618164062,noname
CCCC1C(=O)N2C(N(C)C)=Nc3ccc(C)cc3N2C1=O,-3.5380001068115234,-3.8391990661621094,noname
NS(=O)(=O)c1cc2c(cc1Cl)NC(C(Cl)Cl)NS2(=O)=O,-2.680000066757202,-3.3475148677825928,noname
Cc1nc(N(C)C)nc(OC(=O)N(C)C)c1C,-1.9500000476837158,-1.980260968208313,noname
O=C1Nc2ccc(Cl)cc2C(c2ccccc2Cl)=NC1O,-3.6040000915527344,-4.28085994720459,noname
NC(=O)c1ccccc1O,-1.8200000524520874,-1.522032380104065,noname
CCC(C)(O)CC,-0.36000001430511475,-0.011573120951652527,noname
Nc1nc(=O)[nH]cc1F,-0.972000002861023,-1.1027567386627197,noname
Cc1cccnc1C,0.3799999952316284,0.5885039567947388,noname
Cc1ccc(Br)cc1,-3.190000057220459,-2.89906644821167,noname
CO,1.5700000524520874,0.9762979745864868,noname
CNC(=O)Oc1cc(C(C)(C)C)cc(C(C)(C)C)c1,-4.239999771118164,-5.145987510681152,noname
Clc1cc(Cl)cc(Cl)c1,-4.480000019073486,-4.0097174644470215,noname
ClC1(Cl)C2(Cl)C3(Cl)C4(Cl)C(Cl)(Cl)C5(Cl)C3(Cl)C1(Cl)C5(Cl)C24Cl,-6.800000190734863,-7.557807445526123,noname
CC(C)OP(=S)(OC(C)C)SCCNS(=O)(=O)c1ccccc1,-4.199999809265137,-4.580211162567139,noname
CCC1NC(=O)c2cc(S(N)(=O)=O)c(Cl)cc2N1,-3.2899999618530273,-3.4596197605133057,noname
Cc1ccc2c(ccc3ccccc32)c1,-5.840000152587891,-5.817284107208252,noname
CCCO,0.6200000047683716,0.7608815431594849,noname
CC1OC(OC2C(O)CC(OC3C(O)CC(OC4CCC5(C)C(CCC6C5CCC5(C)C(C7=CC(=O)OC7)CCC65O)C4)OC3C)OC2C)CC(O)C1O,-5.293000221252441,-3.7758138179779053,noname
CCOP(=S)(OCC)Oc1ccc(S(C)=O)cc1,-2.299999952316284,-2.5440573692321777,noname
CCc1ccc2ccccc2c1,-4.289999961853027,-4.438328266143799,noname
Cc1ccc(N)cc1,-1.2100000381469727,-1.1819567680358887,noname
O=c1oc2ccccc2c(O)c1C1CCCc2ccccc21,-2.8399999141693115,-3.749645709991455,noname
CCC1(CC)C(=O)NC(=O)NC1=O,-2.4000000953674316,-1.946065068244934,noname
CCOP(=S)(OCC)SCSCC,-4.110000133514404,-4.313390254974365,noname
CCCC(C)C,-3.740000009536743,-3.6658382415771484,noname
FC(F)(F)C(Cl)Br,-1.7100000381469727,-1.6052252054214478,noname
CC(=O)C1CCC2C3CC=C4CC(O)CCC4(C)C3CCC12C,-4.650000095367432,-4.027014255523682,noname
Clc1ccc(-c2cccc(Cl)c2Cl)cc1,-6.289999961853027,-6.543152809143066,noname
c1ccc2c(c1)CCC2,-3.0399999618530273,-2.919508457183838,noname
O=[N+]([O-])c1cc([N+](=O)[O-])cc([N+](=O)[O-])c1,-2.890000104904175,-3.694457769393921,noname
CC12CCC3c4ccc(O)cc4CCC3C1CCC2O,-5.03000020980835,-4.302491188049316,noname
ClCBr,-0.8899999856948853,-0.6194724440574646,noname
CC12CCC(=O)C=C1CCC1C2CCC2(C)C1CCC2(C)O,-3.999000072479248,-4.2056403160095215,noname
COc1ccccc1,-1.850000023841858,-1.475553274154663,noname
Oc1c(Cl)ccc(Cl)c1Cl,-2.640000104904175,-2.412317991256714,noname
O=C(c1ccccc1)C(O)c1ccccc1,-2.8499999046325684,-2.7659242153167725,noname
Cc1c2ccccc2c(C)c2ccccc12,-6.570000171661377,-5.89694881439209,noname
C=CC(C)(O)CCC=C(C)C,-1.9900000095367432,-1.9736158847808838,noname
CCC(C)c1cc([N+](=O)[O-])cc([N+](=O)[O-])c1O,-3.380000114440918,-3.906205654144287,noname
COC(=O)c1ccccc1C(=O)OC,-1.659999966621399,-2.2398312091827393,noname
CCN1C(=O)c2cccnc2N(CC)c2ncccc21,-2.859999895095825,-4.021561145782471,noname
CCCCCCCCBr,-5.059999942779541,-4.744186878204346,noname
O=[N+]([O-])c1cccc(O)c1,-1.0099999904632568,-1.0110580921173096,noname
C#C,0.28999999165534973,0.275118887424469,noname
C=CC=C,-1.8700000047683716,-1.7917280197143555,noname
CC(C)CC(C)O,-0.800000011920929,-0.38747620582580566,noname
C=CCC,-1.940000057220459,-1.8054436445236206,noname
CCC=O,0.5799999833106995,0.6707745790481567,noname
CC(C)OC(=O)C(O)(c1ccc(Cl)cc1)c1cccc(Cl)c1,-4.53000020980835,-4.319923400878906,noname
ClC(Cl)(Cl)Cl,-2.309999942779541,-2.018573760986328,noname
CC=CC=O,0.3199999928474426,0.4458022117614746,noname
ClC1=C(Cl)C2(Cl)C3C4C=CC(C4)C3C1(Cl)C2(Cl)Cl,-6.307000160217285,-6.385423183441162,noname
Cc1cccc(C)c1NC(=O)c1cc(S(N)(=O)=O)c(Cl)cc1O,-3.7899999618530273,-3.898087501525879,noname
CC(C)C(O)C(C)C,-1.2200000286102295,-0.8874253034591675,noname
O=C1NC(=O)C(O)(C2(O)C(=O)NC(=O)NC2=O)C(=O)N1,-1.9900000095367432,-2.074620246887207,noname
Clc1cccc(-c2cccc(Cl)c2Cl)c1Cl,-7.28000020980835,-7.111449718475342,noname
CC(C)CO,0.10000000149011612,0.3189324140548706,noname
C#CC1(O)CCC2C3CCc4cc(O)ccc4C3CCC21C,-4.300000190734863,-4.919652462005615,noname
c1ccc2c(c1)-c1cccc3cccc-2c13,-6.0,-6.857616424560547,noname
CCCCCCc1ccc(O)cc1O,-2.5899999141693115,-2.739722728729248,noname
CC(C)Br,-1.590000033378601,-1.4680328369140625,noname
CN(C)C(=O)N(C)C,0.9399999976158142,0.9037362337112427,noname
CC12C=CC(=O)C=C1CCC1C3CC(O)C(O)(C(=O)CO)C3(C)CC(O)C12F,-3.680000066757202,-2.744448184967041,noname
CCN(CC)c1ccccc1,-3.0299999713897705,-3.049314498901367,noname
O=C1NC(=O)C2(CCCCCCC2)C(=O)N1,-2.9820001125335693,-2.739448308944702,noname
C=CCC1(c2ccccc2)C(=O)NC(=O)NC1=O,-2.36899995803833,-2.2879104614257812,noname
CCCCC1C(=O)N(c2ccccc2)N(c2ccccc2)C1=O,-3.809999942779541,-3.995877265930176,noname
c1ccc(Oc2ccccc2)cc1,-3.9600000381469727,-4.05742073059082,noname
O=C(Nc1ccccc1)Nc1ccccc1,-3.1500000953674316,-3.4771461486816406,noname
Cc1ccc2c(c1)C(=O)N(C)c1cc(N)ccc1O2,-3.927999973297119,-3.9165923595428467,noname
CCC(C)O,0.4699999988079071,0.5662229061126709,noname
OC(c1ccc(Cl)cc1)(c1cncnc1)c1ccccc1Cl,-4.380000114440918,-4.0131754875183105,noname
CN(C)C(=O)Nc1ccc(-n2nc(C(C)(C)C)oc2=O)c(Cl)c1,-4.328000068664551,-4.853909015655518,noname
OCCOc1ccccc1,-0.699999988079071,-0.7064266800880432,noname
C#CC1(O)CCC2C3CCC4=Cc5oncc5CC4(C)C3CCC21C,-5.506999969482422,-5.004978179931641,noname
Brc1ccc(Br)cc1,-4.070000171661377,-3.8230929374694824,noname
CCCCCCCCl,-4.0,-4.027958393096924,noname
CCCCC(C)O,-0.8899999856948853,-0.4261430501937866,noname
Cc1cccc2c(C)cccc12,-4.678999900817871,-4.274945259094238,noname
Oc1c(Cl)c(Cl)cc(Cl)c1Cl,-3.369999885559082,-3.230302333831787,noname
COc1ccc(Cl)cc1,-2.7799999713897705,-2.4454853534698486,noname
CCOC(=O)c1ccc(O)cc1,-2.3499999046325684,-1.8127107620239258,noname
NS(=O)(=O)c1cc2c(cc1Cl)NCNS2(=O)=O,-2.630000114440918,-3.187061071395874,noname
CCC(C)=O,0.5199999809265137,0.4356703758239746,noname
CC1CCCC1,-3.299999952316284,-3.2722091674804688,noname
N#CN=C(N)N,-0.3100000023841858,0.24821417033672333,noname
c1ccnnc1,1.100000023841858,0.8265020847320557,noname
CCCOC,-0.38999998569488525,-0.41846203804016113,noname
Nc1ncnc2nc[nH]c12,-2.119999885559082,-1.611947774887085,noname
C=CCl,-1.75,-1.348503828048706,noname
O=C1CSC(=S)N1,-1.7699999809265137,-1.3953841924667358,noname
COc1ccccc1O,-1.9600000381469727,-1.3009761571884155,noname
COc1ccc(NC(=O)N(C)C)cc1Cl,-2.563999891281128,-2.7489218711853027,noname
CC(=O)Nc1cc(NS(=O)(=O)C(F)(F)F)c(C)cc1C,-3.240000009536743,-3.347947120666504,noname
Cc1ccccc1[N+](=O)[O-],-2.3299999237060547,-2.6201581954956055,noname
CCCOCC,-0.6600000262260437,-0.4880857467651367,noname
Clc1cccc(Cl)c1,-3.0399999618530273,-2.814375638961792,noname
c1ccoc1,-0.8199999928474426,-0.07479949295520782,noname
CON(C)C(=O)Nc1ccc(Cl)c(Cl)c1,-3.5920000076293945,-3.6541848182678223,noname
CC12CCC3C(CCC4=CC(=O)CCC43C)C1CCC2=O,-3.690000057220459,-3.943950653076172,noname
CCCC(=O)OC,-1.9199999570846558,-0.9672660827636719,noname
C=CCCCCCCCC,-5.510000228881836,-5.234729290008545,noname
Oc1cccc2cccnc12,-2.4200000762939453,-1.7709226608276367,noname
Nc1cc2c3ccccc3ccc2c2ccccc12,-6.199999809265137,-6.637686252593994,noname
CCOC=O,0.15000000596046448,0.19613133370876312,noname
O=c1c(O)c(-c2ccc(O)cc2O)oc2cc(O)cc(O)c12,-3.0829999446868896,-3.591151237487793,noname
CCOC(=O)CCN(SN(C)C(=O)Oc1cccc2c1OC(C)(C)C2)C(C)C,-4.710000038146973,-5.375731945037842,noname
COc1ncc2nccnc2n1,-1.1100000143051147,-0.9392566680908203,noname
CCCC(C)CO,-1.1100000143051147,-0.8434674739837646,noname
Cc1cccc2sc3nncn3c12,-2.069999933242798,-1.6220804452896118,noname
CC(O)C(C)(C)C,-0.6200000047683716,-0.190040722489357,noname
Cc1c([N+](=O)[O-])cccc1[N+](=O)[O-],-3.0,-3.1823177337646484,noname
CCC(C=O)CC,-1.5199999809265137,-1.1495771408081055,noname
CCCCCC(C)O,-1.5499999523162842,-1.0480965375900269,noname
CC(=O)Nc1ccccc1,-1.3300000429153442,-1.4312416315078735,noname
CCC(CC)CO,-1.1699999570846558,-0.6726162433624268,noname
O=c1ccnc(S)[nH]1,-2.2730000019073486,-2.46451735496521,noname
C#CCCCC,-2.359999895095825,-2.340768575668335,noname
CCCCOCN(C(=O)CCl)c1c(CC)cccc1CC,-4.190000057220459,-4.352691173553467,noname
O=C(Nc1cccc(Cl)c1)OCC#CCCl,-4.369999885559082,-4.757544994354248,noname
Nc1cccc2ccccc12,-1.9199999570846558,-2.5818288326263428,noname
CC(=O)OCC(C)C,-1.2100000381469727,-1.2452912330627441,noname
O=c1[nH]c2cc(Cl)ccc2o1,-2.8310000896453857,-2.8297767639160156,noname
CC(C)Cl,-1.409999966621399,-1.3294349908828735,noname
CCCCCC(C)C,-5.079999923706055,-4.771468162536621,noname
Cc1cnc2cncnc2n1,-0.8539999723434448,-0.12242178618907928,noname
COc1ccc(Oc2ccc(NC(=O)N(C)C)cc2)cc1,-4.159999847412109,-4.889561176300049,noname
CCCCCCC(=O)OCN1C(=O)NC(c2ccccc2)(c2ccccc2)C1=O,-6.301000118255615,-6.492033958435059,noname
Cc1cc2nc3c(=O)[nH]c(=O)nc-3n(CC(O)C(O)C(O)CO)c2cc1C,-3.684999942779541,-3.6697864532470703,noname
CC12CCc3c(ccc4cc(O)ccc34)C1CCC2=O,-5.239999771118164,-4.9223856925964355,noname
CCCCCCC(C)O,-2.0899999141693115,-1.5236729383468628,noname
Oc1c(Cl)c(Cl)c(Cl)c(Cl)c1Cl,-4.28000020980835,-4.187078475952148,noname
Clc1ccccc1Br,-3.190000057220459,-3.0081095695495605,noname
CC1OC(OC2C(O)CC(OC3C(O)CC(OC4CCC5(C)C(CCC6C5CC(O)C5(C)C(C7=CC(=O)OC7)CCC65O)C4)OC3C)OC2C)CC(O)C1O,-4.080999851226807,-3.2711400985717773,noname
CC(C)C(=O)C(C)C,-1.2999999523162842,-0.6486522555351257,noname
O=C1CN=C(c2ccccc2)c2cc([N+](=O)[O-])ccc2N1,-3.7960000038146973,-4.170445442199707,noname
C1=CCCCC1,-2.5899999141693115,-2.7901041507720947,noname
O=C1CN=C(c2ccccc2Cl)c2cc([N+](=O)[O-])ccc2N1,-3.499000072479248,-4.7236785888671875,noname
CCOP(=S)(OCC)SCCSCC,-4.230000019073486,-4.911782741546631,noname
C#CC1(O)CCC2C3CCC4=CC(=O)CCC4(C)C3CCC21C,-5.659999847412109,-4.623374938964844,noname
Cc1ccc(C(C)C)cc1,-3.7699999809265137,-3.7222681045532227,noname
CC12CCC(CC1=O)C2(C)C,-1.9600000381469727,-1.8715616464614868,noname
CC(C)c1ccc(NC(=O)N(C)C)cc1,-3.5360000133514404,-3.3299777507781982,noname
CC1=C(C(=O)Nc2ccccc2)CCCO1,-2.559999942779541,-2.7547590732574463,noname
CC1(C)C(C=C(Cl)Cl)C1C(=O)OCc1cccc(Oc2ccccc2)c1,-6.290999889373779,-7.078824996948242,noname
CC(C)Nc1nc(Cl)nc(NC(C)C)n1,-4.429999828338623,-4.444471836090088,noname
Cc1ccc(-c2ccccc2)cc1,-4.619999885559082,-4.766214847564697,noname
Clc1cc(Cl)c(-c2c(Cl)cccc2Cl)c(Cl)c1,-7.320000171661377,-7.772140979766846,noname
CCCCCCCC(=O)OCC,-3.390000104904175,-3.36836576461792,noname
CC(=O)OC(C)C,-0.550000011920929,-0.6404203176498413,noname
Cc1cccc(C)n1,0.44999998807907104,0.4358750581741333,noname
Nc1ncnc2c1ccn2C1OC(CO)C(O)C1O,-1.9500000476837158,-1.499341607093811,noname
CCC(C)C(C)=O,-0.6700000166893005,-0.27912431955337524,noname
c1cnc2ncncc2n1,0.019999999552965164,-0.03466518223285675,noname
CCC1(c2ccccc2)C(=O)NCNC1=O,-2.640000104904175,-1.9699000120162964,noname
CC(C)CC(C)C,-4.260000228881836,-4.269583225250244,noname
CC(Cl)CCl,-1.600000023841858,-1.4618617296218872,noname
C1CCCCC1,-3.0999999046325684,-3.1763644218444824,noname
CCN(Cc1c(F)cccc1Cl)c1c([N+](=O)[O-])cc(C(F)(F)F)cc1[N+](=O)[O-],-6.78000020980835,-7.484662055969238,noname
N#Cc1cc(I)c(O)c(I)c1,-3.609999895095825,-3.7286534309387207,noname
CCCCOCCCC,-1.850000023841858,-2.0038692951202393,noname
C#CCC,-1.2400000095367432,-0.8983337879180908,noname
Cc1ccc(OP(=O)(Oc2cccc(C)c2)Oc2ccccc2C)cc1,-6.010000228881836,-6.027761936187744,noname
CC(C)CNC(=O)N1CCNC1=O,-2.1500000953674316,-1.921784520149231,noname
Oc1cccc2ncccc12,-2.5399999618530273,-1.707769513130188,noname
CNC(=O)C=C(C)OP(=O)(OC)OC,0.6510000228881836,1.1768304109573364,noname
CN(C)C(=O)Nc1ccc(Cl)c(Cl)c1,-3.799999952316284,-3.4698352813720703,noname
CCC(O)CC,-0.23999999463558197,0.19619129598140717,noname
Sc1nc2ccccc2s1,-3.180000066757202,-2.58500599861145,noname
CN1C(=O)CN=C(c2ccccc2)c2cc([N+](=O)[O-])ccc21,-3.7960000038146973,-4.222886562347412,noname
CCOC(=O)N(C)C(=O)CSP(=S)(OCC)OCC,-2.5179998874664307,-2.9805335998535156,noname
Nc1ccccc1Cl,-1.5199999809265137,-1.4582048654556274,noname
FC(F)(Cl)C(F)(F)Cl,-2.740000009536743,-2.9093103408813477,noname
Oc1ccc(Cl)cc1Cc1cc(Cl)ccc1O,-3.953000068664551,-3.6174418926239014,noname
CCNC(=S)NCC,-1.4600000381469727,-1.6454733610153198,noname
CC12CCC3c4ccc(O)cc4CCC3C1CC(O)C2O,-4.954999923706055,-4.145385265350342,noname
BrC(Br)Br,-1.909999966621399,-1.619742512702942,noname
Clc1ccc(-c2ccc(Cl)c(Cl)c2Cl)c(Cl)c1Cl,-8.010000228881836,-8.244511604309082,noname
CC12CCC(=O)C=C1CCC1C2C(=O)CC2(C)C1CCC2(O)C(=O)CO,-3.109999895095825,-3.050610303878784,noname
CCCCCCCCCCCCCCO,-5.840000152587891,-5.450856685638428,noname
CC[N+](=O)[O-],-0.2199999988079071,0.07027687132358551,noname
C#CC(C)N(C)C(=O)Nc1ccc(Cl)cc1,-3.9000000953674316,-3.799539089202881,noname
CC(C)CCl,-2.0,-2.074695348739624,noname
Nc1ccc(S(=O)(=O)c2ccc(N)cc2)cc1,-3.0940001010894775,-3.397318124771118,noname
Clc1cccc(I)c1,-3.549999952316284,-3.5401463508605957,noname
CC(=O)C1(O)CCC2C3CCC4=CC(=O)CCC4(C)C3CCC21C,-3.816999912261963,-3.839268207550049,noname
O=[N+]([O-])c1ccc(Cl)cc1,-2.9200000762939453,-2.9850833415985107,noname
CCCCI,-2.9600000381469727,-2.549232006072998,noname
CC(C)CC(C)(C)O,-0.9200000166893005,-0.5316765904426575,noname
CCCCCCC(C)=O,-2.049999952316284,-1.5141137838363647,noname
CCOC(=O)CC,-0.6600000262260437,-0.5343303084373474,noname
CCC(C)(C)C,-3.549999952316284,-3.59421968460083,noname
O=C1CC(c2ccc(O)c(O)c2)Oc2cc(O)cc(O)c21,-3.619999885559082,-3.5925347805023193,noname
Cc1ccc(C(C)C)cc1O,-2.0799999237060547,-2.250051975250244,noname
Cc1ccc(C)cc1,-2.7699999809265137,-2.6105539798736572,noname
OCC1OC(O)C(O)C(O)C1O,0.7400000095367432,0.7176056504249573,noname
c1ccc2c(c1)ccc1c3ccccc3ccc21,-8.057000160217285,-6.99798059463501,noname
Clc1cc(Cl)c(Cl)c(Cl)c1Cl,-5.650000095367432,-5.73622465133667,noname
Cc1cc(C)cc(O)c1,-1.399999976158142,-1.2352279424667358,noname
C=CCC=C,-2.0899999141693115,-2.1913702487945557,noname
CN1CC(O)N(c2nnc(C(C)(C)C)s2)C1=O,-1.8769999742507935,-1.2967588901519775,noname
CCOP(=S)(OCC)Oc1ccc([N+](=O)[O-])cc1,-4.659999847412109,-4.736144065856934,noname
CCC1(CC)C(=O)NC(=O)N(C)C1=O,-2.2300000190734863,-2.171170234680176,noname
c1ccc2c(c1)Cc1ccccc1-2,-5.0,-4.8290791511535645,noname
CCc1ccccc1C,-3.2100000381469727,-3.0956897735595703,noname
CCN(CC)c1c([N+](=O)[O-])cc(C(F)(F)F)c(N)c1[N+](=O)[O-],-5.46999979019165,-5.7880659103393555,noname
Cc1cccc2ccccc12,-3.700000047683716,-3.6890525817871094,noname
O=C1OC(c2ccc(O)cc2)(c2ccc(O)cc2)c2ccccc21,-2.9000000953674316,-3.128200054168701,noname
Clc1c(Cl)c(Cl)c2nccnc2c1Cl,-5.429999828338623,-4.537893295288086,noname
C/C=C/CC,-2.5399999618530273,-2.5769596099853516,noname
c1ccc(N=Nc2ccccc2)cc1,-4.449999809265137,-4.597461223602295,noname
C#CC,-0.4099999964237213,-0.31230586767196655,noname
CCCCCCCCCCCCCCCCCCCCCCCCCC,-8.333999633789062,-9.430524826049805,noname
CCCCCCCBr,-4.429999828338623,-4.209235668182373,noname
CCC(O)(CC)CC,-0.8500000238418579,-0.4275234341621399,noname
Clc1cccc(-c2cc(Cl)ccc2Cl)c1,-6.010000228881836,-6.635430812835693,noname
C=CCC1(CC)C(=O)NC(=O)NC1=O,-1.6139999628067017,-1.9944442510604858,noname
Clc1ccc(I)cc1,-4.03000020980835,-3.804159164428711,noname
ClC(Cl)(Cl)C(Cl)(Cl)Cl,-3.6700000762939453,-3.6894774436950684,noname
O=CNC(N1C=CN(C(NC=O)C(Cl)(Cl)Cl)C=C1)C(Cl)(Cl)Cl,-4.190000057220459,-4.584187030792236,noname
CC(=O)C(C)C,-0.11999999731779099,0.20768262445926666,noname
C=CCC1(C(C)CCC)C(=O)NC(=O)NC1=O,-2.3559999465942383,-2.6863479614257812,noname
Cc1c(N)c(=O)n(-c2ccccc2)n1C,-0.6240000128746033,-0.7686822414398193,noname
CN(C(=O)COc1nc2ccccc2s1)c1ccccc1,-4.873000144958496,-4.280215740203857,noname
O=C(Nc1ccccc1)c1ccccc1I,-4.210000038146973,-4.622002124786377,noname
COP(=S)(OC)Oc1cc(Cl)c(Cl)cc1Cl,-5.71999979019165,-5.521604537963867,noname
CCCCCCCC(C)=O,-2.5799999237060547,-2.125659227371216,noname
Clc1ccc(-c2ccc(Cl)c(Cl)c2Cl)c(Cl)c1,-7.800000190734863,-7.632925033569336,noname
CC(C)(C)C(=O)C(Oc1ccc(Cl)cc1)n1cncn1,-3.609999895095825,-3.993809700012207,noname
COCOC,0.47999998927116394,0.6681718826293945,noname
NNc1ccccc1,0.07000000029802322,-0.059565141797065735,noname
Nc1ccc(S(N)(=O)=O)cc1,-1.340000033378601,-1.3412413597106934,noname
CCC(O)C(C)C,-0.699999988079071,-0.29796302318573,noname
CCCCCCCCC(=O)OC,-3.380000114440918,-3.637829303741455,noname
Clc1ccc(C(c2ccccc2Cl)C(Cl)Cl)cc1,-6.510000228881836,-6.532059192657471,noname
CN(C)C(=O)C(c1ccccc1)c1ccccc1,-2.9800000190734863,-3.0904505252838135,noname
Cc1c[nH]c2ccccc12,-2.4200000762939453,-1.6474417448043823,noname
Sc1ccccc1,-2.119999885559082,-1.8118107318878174,noname
CCCC(C)(C)C,-4.360000133514404,-4.135751724243164,noname
CNc1ccccc1,-1.2799999713897705,-1.2373144626617432,noname
c1ccc(-c2ccc(-c3ccccc3)cc2)cc1,-7.110000133514404,-6.811778545379639,noname
Fc1ccc(F)cc1,-1.9700000286102295,-1.4456814527511597,noname
CC(C)(C)c1ccccc1,-3.6600000858306885,-3.45739483833313,noname
CCCCCCC,-4.53000020980835,-4.132449626922607,noname
NC(=O)NC1NC(=O)NC1=O,-1.600000023841858,-1.1042795181274414,noname
CCCCCCCCO,-2.390000104904175,-1.834190011024475,noname
Nc1nccs1,-0.36000001430511475,-0.08698700368404388,noname
CNC(=O)C(C)SCCSP(=O)(OC)OC,1.1440000534057617,1.1737260818481445,noname
c1ccncc1,0.7599999904632568,0.5987929105758667,noname
Cc1ccc(C)c(C)c1,-3.309999942779541,-3.401099443435669,noname
Cc1ccc(O)c(C)c1,-1.190000057220459,-1.2992099523544312,noname
CCN1c2ncccc2C(=O)N(C)c2ccc(Cl)nc21,-4.113999843597412,-4.470004558563232,noname
CC(Cl)(Cl)Cl,-2.0,-1.8124741315841675,noname
Oc1cccc(O)c1,0.8100000023841858,0.7726231217384338,noname
c1ccc2[nH]ncc2c1,-2.1600000858306885,-0.827881932258606,noname
CCN(CC)C(=O)C(C)Oc1cccc2ccccc12,-3.569999933242798,-3.9050114154815674,noname
CCC1(C2=CCC3CCC2C3)C(=O)NC(=O)NC1=O,-2.696000099182129,-2.5575971603393555,noname
Cc1cc2ccccc2cc1C,-4.71999979019165,-4.408411502838135,noname
ClCCl,-0.6299999952316284,-0.3988311290740967,noname
NC(=O)CCl,-0.019999999552965164,0.43800002336502075,noname
Cn1ccc(=O)[nH]c1=O,-0.8069999814033508,-0.7630743980407715,noname
CC1(C)OC2CC3C4CCC5=CC(=O)C=CC5(C)C4(F)C(O)CC3(C)C2(C(=O)CO)O1,-4.309999942779541,-3.2127387523651123,noname
C=C(C)C,-2.3299999237060547,-2.0813136100769043,noname
CCCCCCBr,-3.809999942779541,-3.6694371700286865,noname
ClC(Cl)=C(Cl)C(Cl)=C(Cl)Cl,-4.920000076293945,-4.881124973297119,noname
C=CCSS(=O)CC=C,-0.8299999833106995,-0.7557249069213867,noname
NC(=O)c1cnccn1,-0.6669999957084656,-0.3884745240211487,noname
Clc1cccc(Cl)c1-c1c(Cl)cccc1Cl,-7.389999866485596,-7.321665287017822,noname
NC(N)=O,0.9599999785423279,0.9180458784103394,noname
CCCCC(CC)COC(=O)c1ccccc1C(=O)OCC(CC)CCCC,-6.960000038146973,-7.256231784820557,noname
CON(C)C(=O)Nc1ccc(Br)c(Cl)c1,-3.9240000247955322,-3.9087836742401123,noname
CC12CCC(=O)C=C1CCC1C2CCC2(C)C(C(=O)CO)CCC12,-3.450000047683716,-3.5605356693267822,noname
Cc1cc2c3ccccc3ccc2c2ccccc12,-6.570000171661377,-7.153756618499756,noname
Cc1cccc(C)c1,-2.819999933242798,-2.5585551261901855,noname
Brc1ccc(Br)c(Br)c1,-4.5,-4.835936069488525,noname
CCC#CCC,-1.9900000095367432,-1.542047142982483,noname
CCc1ccccc1,-2.7699999809265137,-2.549680471420288,noname
COC(=O)Nc1cccc(OC(=O)Nc2cccc(C)c2)c1,-4.804999828338623,-4.912038803100586,noname
CCc1ccc(CC)cc1,-3.75,-3.7091917991638184,noname
C=CCC1(C)C(=O)NC(=O)NC1=O,-1.159999966621399,-1.4436637163162231,noname
CCCN(CCC)c1c([N+](=O)[O-])cc(S(N)(=O)=O)cc1[N+](=O)[O-],-5.159999847412109,-5.51686954498291,noname
C=COCC,-0.8500000238418579,-0.9736599922180176,noname
N#Cc1c(Cl)c(Cl)c(Cl)c(C#N)c1Cl,-5.639999866485596,-5.8154168128967285,noname
Cc1ccccc1N,-2.2100000381469727,-1.230491042137146,noname
Clc1ccc(-c2ccccc2)cc1Cl,-6.389999866485596,-5.967835903167725,noname
Nc1ccc(O)cc1,-0.800000011920929,-0.5079259276390076,noname
C=CC(O)CCC,-0.5899999737739563,-0.17892871797084808,noname
FC(F)(F)c1ccccc1,-2.509999990463257,-2.127078056335449,noname
CCOP(=O)(OCC)OCC,0.4300000071525574,1.0590715408325195,noname
C=CC(C)C,-2.7300000190734863,-2.6700267791748047,noname
CCNc1nc(Cl)nc(NC(C)C)n1,-3.8499999046325684,-4.241339683532715,noname
CC(=O)OCC(=O)C1(O)CCC2C3CCC4=CC(=O)CCC4(C)C3C(=O)CC21C,-4.210000038146973,-3.4365835189819336,noname
Cc1ccc2cc(C)ccc2c1,-4.889999866485596,-4.492019176483154,noname
Nc1nc[nH]n1,0.5220000147819519,0.410980224609375,noname
CCCCC(C)=O,-0.800000011920929,-0.5502366423606873,noname
Cc1ccc2ccc(C)nc2c1,-1.940000057220459,-1.832379698753357,noname
COC(C)=O,0.46000000834465027,0.6817008256912231,noname
NC(=O)NCc1ccccc1,-0.949999988079071,-0.7765402793884277,noname
Cc1cncc(C)c1,0.3799999952316284,0.5409151315689087,noname
CCOC(=O)CC(SP(=S)(OC)OC)C(=O)OCC,-3.369999885559082,-3.6465401649475098,noname
c1ccc2c(c1)ccc1ccccc12,-5.260000228881836,-5.2170491218566895,noname
CCC(Br)(CC)C(=O)NC(N)=O,-2.680000066757202,-2.1609408855438232,noname
CC(C)C(C)(C)C,-4.360000133514404,-4.149149417877197,noname
C,-0.8999999761581421,-0.3063881993293762,noname
c1cc2ccc3ccc4ccc5cccc6c(c1)c2c3c4c56,-9.017999649047852,-9.258837699890137,noname
CCOc1ccc(C(C)(C)COCc2cccc(Oc3ccccc3)c2)cc1,-8.600000381469727,-8.042673110961914,noname
OC(c1ccccc1)C(O)c1ccccc1,-1.9299999475479126,-1.6527875661849976,noname
CN(C)C(=O)Nc1cccc(OC(=O)NC(C)(C)C)c1,-2.930000066757202,-3.5804696083068848,noname
Nc1cnn(-c2ccccc2)c(=O)c1Cl,-2.878000020980835,-2.4881396293640137,noname
CC1(C)C(=O)NC(=O)NC1=O,-1.7419999837875366,-1.1153544187545776,noname
Cc1occc1C(=O)Nc1ccccc1,-3.299999952316284,-2.8128161430358887,noname
CCCCC(=O)CCCC,-2.5799999237060547,-2.1968722343444824,noname
N#CCCl,-0.09200000017881393,0.30435216426849365,noname
CC(C)C(C)C,-3.6500000953674316,-3.71555233001709,noname
N#CCCCl,-0.28999999165534973,0.05927093327045441,noname
CC(=O)C1(C)CCC2C3C=C(C)C4=CC(=O)CCC4(C)C3CCC21C,-5.269999980926514,-4.708816051483154,noname
CC(=O)CC(c1ccc(Cl)cc1)c1c(O)c2ccccc2oc1=O,-5.839000225067139,-4.5300612449646,noname
OC(Cn1cncn1)(c1ccc(F)cc1)c1ccccc1F,-3.369999885559082,-2.9227993488311768,noname
Oc1ccc2c(c1)CCCC2,-1.9900000095367432,-2.168766975402832,noname
Nc1cc[nH]c(=O)n1,-1.1549999713897705,-1.2344406843185425,noname
OC(Cn1cncn1)(Cn1cncn1)c1ccc(F)cc1F,-1.7999999523162842,-1.111730933189392,noname
CCCCCC(=O)OCN1C(=O)NC(c2ccccc2)(c2ccccc2)C1=O,-5.886000156402588,-6.264169216156006,noname
Nc1cccc2nc3ccccc3cc12,-4.21999979019165,-3.913313150405884,noname
CCC(=O)OCN1C(=O)NC(c2ccccc2)(c2ccccc2)C1=O,-4.9070000648498535,-5.207194805145264,noname
CCCCCO,-0.6000000238418579,-0.2053956836462021,noname
CCCCCCCl,-3.119999885559082,-3.5060858726501465,noname
Oc1cccc(Cl)c1,-0.699999988079071,-0.5035123229026794,noname
ClC(Cl)=C(Cl)Cl,-2.5399999618530273,-2.743131160736084,noname
CCN(CC)c1nc(Cl)nc(N(CC)CC)n1,-4.410999774932861,-4.58469295501709,noname
COP(=S)(OC)Oc1ccc([N+](=O)[O-])cc1Cl,-4.309999942779541,-4.64100980758667,noname
O=[N+]([O-])c1ccc(O)cc1,-0.7400000095367432,-1.388391375541687,noname
CCOP(=S)(NC(C)C)Oc1ccccc1C(=O)OC(C)C,-4.193999767303467,-4.7510552406311035,noname
C#CCCCCCC,-3.6600000858306885,-3.6833770275115967,noname
COc1ccc(C=O)cc1,-1.4900000095367432,-1.4511874914169312,noname
CC=C(C(=CC)c1ccc(O)cc1)c1ccc(O)cc1,-4.949999809265137,-4.898636341094971,noname
Clc1ccc2ccccc2c1,-4.139999866485596,-4.2129316329956055,noname
ClC1C(Cl)C(Cl)C(Cl)C(Cl)C1Cl,-4.639999866485596,-4.973410129547119,noname
CN(C(=O)NC(C)(C)c1ccccc1)c1ccccc1,-3.3499999046325684,-3.6923279762268066,noname
CCCN(CCC)c1c([N+](=O)[O-])cc(C(F)(F)F)cc1[N+](=O)[O-],-5.679999828338623,-6.60897970199585,noname
CCCC(C)(C)CO,-1.5199999809265137,-1.1878151893615723,noname
CSCS(=O)CC(CO)NC(=O)C=Cc1c(C)[nH]c(=O)[nH]c1=O,-1.9809999465942383,-2.2243094444274902,noname
CC(=O)Nc1nnc(S(N)(=O)=O)s1,-2.359999895095825,-1.7169593572616577,noname
N#Cc1ccccc1,-1.0,-0.8084632158279419,noname
Clc1cccc(Cl)c1Cl,-4.0,-3.9444050788879395,noname
ClC(Br)Br,-1.899999976158142,-1.5198191404342651,noname
c1cncnc1,1.100000023841858,0.8529661893844604,noname
Clc1ccc(-c2c(Cl)ccc(Cl)c2Cl)c(Cl)c1,-7.429999828338623,-7.751307964324951,noname
O=C(Nc1ccc([N+](=O)[O-])cc1Cl)c1cc(Cl)ccc1O,-4.699999809265137,-4.986069202423096,noname
Oc1cc(Cl)cc(Cl)c1,-1.340000033378601,-1.3075942993164062,noname
c1ccccc1,-1.6399999856948853,-1.1540840864181519,noname
CCOP(=S)(OCC)SCSc1ccc(Cl)cc1,-5.736000061035156,-5.996078014373779,noname
O=C1CCCN1,1.0700000524520874,0.6462425589561462,noname
CC1(C)C2CCC1(C)C(O)C2,-2.319999933242798,-2.3574466705322266,noname
CCCCc1c(C)nc(NCC)nc1OS(=O)(=O)N(C)C,-4.159999847412109,-4.321537971496582,noname
CCN1c2ncccc2C(=O)Nc2c(C)cc(C)nc21,-4.553999900817871,-3.9177567958831787,noname
CCOP(=S)(OCC)Oc1ccc2oc(=O)c(Cl)c(C)c2c1,-5.381999969482422,-5.316563129425049,noname
CCC(C)(C)Cl,-2.509999990463257,-2.399141311645508,noname
CCCCNC(=O)n1c(NC(=O)OC)nc2ccccc21,-4.882999897003174,-4.412318706512451,noname
Clc1cccc(Cl)c1-c1ccccc1,-5.210000038146973,-5.592417240142822,noname
CC1CC2C3CCC4=CC(=O)C=CC4(C)C3(F)C(O)CC2(C)C1(O)C(=O)CO,-3.5899999141693115,-3.2809982299804688,noname
CCOC(C)OCC,-0.4300000071525574,-0.1394786387681961,noname
O=[N+]([O-])c1cccc(Cl)c1,-2.7699999809265137,-2.7472877502441406,noname
CCCCCBr,-3.0799999237060547,-3.0835087299346924,noname
COc1ncnc2nccnc12,-1.1100000143051147,-0.84590744972229,noname
CC(C)(C)c1ccc(O)cc1,-2.4100000858306885,-2.3316829204559326,noname
OCC1OC(OC2C(CO)OC(O)C(O)C2O)C(O)C(O)C1O,-0.24400000274181366,0.30640721321105957,noname
CC(=O)Nc1ccc([N+](=O)[O-])cc1,-2.691999912261963,-2.5218429565429688,noname
CC(C)CCOC=O,-1.5199999809265137,-1.4822190999984741,noname
CC1CCCCC1,-3.8499999046325684,-3.911558151245117,noname
Clc1cc(Cl)c(-c2cccc(Cl)c2Cl)cc1Cl,-7.210000038146973,-7.647830009460449,noname
CCCCC(O)CC,-1.4700000286102295,-0.8810509443283081,noname
c1cc2c3c(cccc3c1)CC2,-4.630000114440918,-4.625315189361572,noname
CC(=O)OCC(=O)C1(O)C(C)CC2C3CCC4=CC(=O)C=CC4(C)C3(F)C(O)CC21C,-4.900000095367432,-3.59297513961792,noname
CCCCc1c(C)nc(NCC)[nH]c1=O,-3.0280001163482666,-3.411776065826416,noname
Clc1ccc(Cl)c(-c2ccc(Cl)c(Cl)c2)c1,-7.25,-7.296764373779297,noname
CCc1ccccc1CC,-3.2799999713897705,-3.3641932010650635,noname
Clc1ccc(Cl)c(Cl)c1,-3.5899999141693115,-4.073644638061523,noname
c1ccc2c(c1)cnc1ccccc12,-2.7799999713897705,-3.447036027908325,noname
O=Cc1ccc(O)cc1,-0.9599999785423279,-0.779395580291748,noname
Cn1c(=O)c2c(ncn2C)n(C)c1=O,-0.8759999871253967,-0.3375243544578552,noname
C=CC=O,0.5699999928474426,0.8157929182052612,noname
CCCCCCCCCO,-3.009999990463257,-2.62526798248291,noname
CC(C)(C)CCO,-0.5,-0.08874015510082245,noname
CC1(C)CON(Cc2ccccc2Cl)C1=O,-2.3380000591278076,-2.761566400527954,noname
CCOC(N)=O,0.8500000238418579,0.4482421875,noname
NC(N)=S,0.3199999928474426,0.644879937171936,noname
CCCCOC=O,-1.3700000047683716,-0.9349687695503235,noname
Nc1ccc(Cl)cc1,-1.659999966621399,-1.525408148765564,noname
CS(=O)(=O)c1ccc(C(O)C(CO)NC(=O)C(Cl)Cl)cc1,-2.1540000438690186,-2.0216636657714844,noname
CCC(=O)CC,-0.2800000011920929,-0.026944562792778015,noname
CCCBr,-1.7300000190734863,-1.6155774593353271,noname
CC12CCC3c4ccc(O)cc4CCC3C1CCC2=O,-3.9549999237060547,-4.225781440734863,noname
CCOC(=O)C=Cc1ccccc1,-3.0,-3.1724040508270264,noname
c1ccc2cc3cc4ccccc4cc3cc2c1,-8.600000381469727,-7.567324161529541,noname
CSc1ccccc1,-2.390000104904175,-2.206131935119629,noname
c1ccc2scnc2c1,-1.5,-1.3025988340377808,noname
c1ccc2ccccc2c1,-3.5999999046325684,-3.0407276153564453,noname
O=C1NC(=O)C(c2ccccc2)(c2ccccc2)N1,-4.0970001220703125,-4.103641986846924,noname
CNC(=O)Oc1ccccc1OC(C)C,-2.049999952316284,-2.4945878982543945,noname
Cc1ccc([N+](=O)[O-])cc1,-2.490000009536743,-2.6690409183502197,noname
O=C1NC(=O)C2C=CC=CC12,-2.931999921798706,-2.4712822437286377,noname
Cc1ccccc1N1C(=O)c2cc(S(N)(=O)=O)c(Cl)cc2NC1C,-3.7799999713897705,-4.206374645233154,noname
CCCCCC=O,-1.2999999523162842,-0.9964504241943359,noname
CCCOC(C)C,-1.340000033378601,-1.0077648162841797,noname
C#CCCCCC,-3.009999990463257,-3.1031694412231445,noname
Nc1cnn(-c2ccccc2)c(=O)c1Br,-3.127000093460083,-2.7605109214782715,noname
CC#N,0.25999999046325684,0.690238356590271,noname
Clc1cccc(-c2ccccc2)c1,-4.880000114440918,-5.165862560272217,noname
Clc1ccc(-c2c(Cl)cccc2Cl)cc1,-6.139999866485596,-6.473209857940674,noname
c1cc2cccc3c4cccc5cccc(c(c1)c23)c54,-8.803999900817871,-8.052755355834961,noname
CCNc1nc(NC(C)(C)C)nc(OC)n1,-3.239000082015991,-3.98711895942688,noname
N=C(N)NS(=O)(=O)c1ccc(N)cc1,-1.9900000095367432,-1.888380765914917,noname
CCOP(=S)(OCC)N1C(=O)c2ccccc2C1=O,-3.3499999046325684,-4.364593029022217,noname
CCC(C)(C)CO,-1.0399999618530273,-0.5309586524963379,noname
CC(=O)N(C)C,1.1100000143051147,1.0355929136276245,noname
CC,-1.3600000143051147,-0.8335351943969727,noname
Brc1cc(Br)cc(Br)c1,-5.599999904632568,-5.254167079925537,noname
C=C(C)CC,-2.7300000190734863,-2.1813549995422363,noname
CC1(C)C(C=C(Br)Br)C1C(=O)OC(C#N)c1cccc(Oc2ccccc2)c1,-8.402000427246094,-8.763872146606445,noname
CCCC(C)C1(CC)C(=O)NC(=S)NC1=O,-3.359999895095825,-3.342313766479492,noname
CCCC(C)C1(CC)C(=O)NC(=O)NC1=O,-2.390000104904175,-2.6852028369903564,noname
CC(=O)SC1CC2=CC(=O)CCC2(C)C2CCC3(C)C(CCC34CCC(=O)O4)C12,-4.172999858856201,-4.112719535827637,noname
CCNc1nc(Cl)nc(NC(C)(C)C#N)n1,-3.1500000953674316,-3.852973699569702,noname
CCN1c2cc(Cl)ccc2NC(=O)c2cccnc21,-5.360000133514404,-5.171703815460205,noname
CCC1(CC=C(C)C)C(=O)NC(=O)NC1=O,-2.253000020980835,-2.3872056007385254,noname
CC(C)C(C)C(C)C,-4.800000190734863,-4.810861110687256,noname
CCCCSP(=O)(SCCCC)SCCCC,-5.139999866485596,-5.587625980377197,noname
ClC1=C(Cl)C2(Cl)C3C(Cl)C(Cl)CC3C1(Cl)C2(Cl)Cl,-6.860000133514404,-6.517586708068848,noname
CCCC(=O)CCC,-1.2999999523162842,-1.1401222944259644,noname
CCc1cccc2ccccc12,-4.170000076293945,-4.1980438232421875,noname
CNC(=O)Oc1cccc2c1OC(C)(C)C2,-2.799999952316284,-2.809629440307617,noname
CCC(C)C,-3.180000066757202,-2.9399962425231934,noname
CC(C)N(C(=O)SCC(Cl)=C(Cl)Cl)C(C)C,-4.880000114440918,-5.114241600036621,noname
CCC(=O)OC,-0.14000000059604645,0.0359908789396286,noname
CCN1c2ccccc2N(C)C(=O)c2cccnc21,-3.3239998817443848,-4.194332599639893,noname
C#CC1(O)CCC2C3CCC4=CC(=O)CCC4(O)C3CCC21C,-4.570000171661377,-3.8032331466674805,noname
COc1ccc2ccc(=O)oc2c1CC=C(C)C,-4.314000129699707,-4.276697158813477,noname
Cc1c[nH]c(=O)nc1N,-1.4579999446868896,-0.9045826196670532,noname
CCC(C)(C)O,0.15000000596046448,0.4645867347717285,noname
C=CC(=C)C,-2.0299999713897705,-1.906617522239685,noname
CC1(C)C(C(=O)OC(C#N)c2cccc(Oc3ccccc3)c2)C1(C)C,-6.025000095367432,-6.707737445831299,noname
CCCCCCCCCC(=O)OCC,-4.099999904632568,-4.3546528816223145,noname
Cc1ccncc1C,0.36000001430511475,0.19225440919399261,noname
CCCCCc1ccccc1,-4.639999866485596,-4.682191371917725,noname
Oc1c(Cl)cc(Cl)cc1Cl,-2.3399999141693115,-2.4905781745910645,noname
Clc1cccc(C(Cl)(Cl)Cl)n1,-3.759999990463257,-3.688661813735962,noname
CC12CCC(C1)C(C)(C)C2=O,-1.850000023841858,-1.8693588972091675,noname
CCCCOC(=O)CCCCCCCCC(=O)OCCCC,-3.8959999084472656,-4.638259410858154,noname
CCN1c2nc(N(C)CCO)ccc2NC(=O)c2cccnc21,-3.359999895095825,-4.181164741516113,noname
CN1C(=O)CN=C(c2ccccc2)c2cc(Cl)ccc21,-3.753999948501587,-4.309006214141846,noname
ClCCBr,-1.3200000524520874,-1.1557379961013794,noname
ClC1=C(Cl)C2(Cl)C3C4CC(C5OC45)C3C1(Cl)C2(Cl)Cl,-6.289999961853027,-5.711684226989746,noname
CN(C)C(=O)NC1CC2CC1C1CCCC21,-3.1710000038146973,-3.646857738494873,noname
C1=CCCC1,-2.0999999046325684,-2.061875343322754,noname
CC(C)I,-2.0899999141693115,-1.834954857826233,noname
CC1(C)C(C=C(Cl)Cl)C1C(=O)OC(C#N)c1ccc(F)c(Oc2ccccc2)c1,-7.336999893188477,-7.968357563018799,noname
OCC1OC(OC2(CO)OC(CO)C(O)C2O)C(O)C(O)C1O,0.7900000214576721,0.23960928618907928,noname
O=C(CC(Cl)Cl)NC1=C(Cl)C(=O)c2ccccc2C1=O,-5.03000020980835,-5.75486421585083,noname
O=C1NC(=O)C2(CCC2)C(=O)N1,-1.6549999713897705,-1.6374486684799194,noname
COc1ccccc1OCC(O)COC(N)=O,-0.9850000143051147,-1.3057633638381958,noname
CCCCC(C=O)CC,-2.130000114440918,-1.9961670637130737,noname
Clc1ccc(-c2cc(Cl)c(Cl)c(Cl)c2Cl)cc1Cl,-7.820000171661377,-8.328652381896973,noname
C1CCCCCC1,-3.509999990463257,-3.818056583404541,noname
CCCCCCCCCCCCCCCC,-8.399999618530273,-7.317013263702393,noname
Fc1cccc(Br)c1,-2.6700000762939453,-2.3704617023468018,noname
CCCC(C)(COC(N)=O)COC(N)=O,-1.8070000410079956,-1.510514259338379,noname
COP(=O)(OC)C(O)C(Cl)(Cl)Cl,-0.2199999988079071,0.3893123269081116,noname
CC(=O)C(C)(C)C,-0.7200000286102295,-0.5912331342697144,noname
CNC(=O)Oc1cccc2ccccc12,-3.2239999771118164,-3.0517218112945557,noname
c1ccc2c(c1)c1cccc3ccc4cccc2c4c31,-7.800000190734863,-8.040474891662598,noname
COc1ccc(C(O)(c2cncnc2)C2CC2)cc1,-2.5959999561309814,-2.7366740703582764,noname
C1CCOC1,0.49000000953674316,0.2647550106048584,noname
CC(=O)CC(C)C,-0.7400000095367432,-0.5264811515808105,noname
CCc1cccc(C)c1N(C(=O)CCl)C(C)COC,-2.7300000190734863,-3.476214647293091,noname
c1ccc2cnccc2c1,-1.4500000476837158,-1.297080159187317,noname
CCCC(C)=O,-0.1899999976158142,-0.0023413747549057007,noname
CC12CCC(=O)C=C1CCC1C2C(O)CC2(C)C1CCC2(O)C(=O)CO,-3.0899999141693115,-2.9242281913757324,noname
c1ccc2c(c1)ccc1c2ccc2c3ccccc3ccc21,-7.869999885559082,-8.296588897705078,noname
CCCc1ccccc1,-3.369999885559082,-3.5130538940429688,noname
O=C(Nc1ccccc1)c1ccccc1O,-3.5899999141693115,-2.9684112071990967,noname
CCCC,-2.569999933242798,-2.117563247680664,noname
CCCOC(C)=O,-0.7200000286102295,-0.5672056674957275,noname
Cc1cc(C(=O)NNCc2ccccc2)no1,-2.4609999656677246,-1.9336284399032593,noname
CC(=O)Nc1ccc(F)cc1,-1.7799999713897705,-1.6737920045852661,noname
O=c1oc2ccccc2c(O)c1C(CC(O)c1ccc(-c2ccc(Br)cc2)cc1)c1ccccc1,-4.445000171661377,-4.992553234100342,noname
CCN1c2ncccc2C(=O)Nc2c(C(F)(F)F)cc(C)nc21,-4.206999778747559,-4.400223255157471,noname
O=C(C=CC=Cc1ccc2c(c1)OCO2)N1CCCCC1,-3.4600000381469727,-3.9630048274993896,noname
Clc1ccc(-c2cc(Cl)ccc2Cl)cc1,-6.25,-6.668673038482666,noname
Clc1c(Cl)c(Cl)c(-c2ccccc2)c(Cl)c1Cl,-7.920000076293945,-7.624495029449463,noname
CCCCC(=O)OCC,-2.25,-1.840443730354309,noname
Clc1ccc(Cl)cc1,-3.2699999809265137,-3.213461399078369,noname
Cc1c[nH]c(=O)[nH]c1=O,-1.50600004196167,-1.3431931734085083,noname
CCCCCC(C)(C)O,-1.7200000286102295,-1.1640130281448364,noname
CC12CCC3C(CC=C4CC(O)CCC43C)C1CCC2=O,-4.119999885559082,-3.9506983757019043,noname
CCN1c2ncccc2C(=S)N(C)c2cccnc21,-4.633999824523926,-4.340489387512207,noname
c1cc2ccc3cccc4ccc(c1)c2c34,-6.176000118255615,-6.930141925811768,noname
OC(c1ccccc1)c1ccccc1,-2.549999952316284,-2.387856960296631,noname
O=C(OCC(O)CO)c1ccccc1Nc1ccnc2cc(Cl)ccc12,-4.571000099182129,-4.624471187591553,noname
CCCOC(=O)CCC,-1.75,-1.7405660152435303,noname
C=CCc1ccc(O)c(OC)c1,-1.559999942779541,-2.052830934524536,noname
C=CCC1(C(C)CC)C(=O)NC(=O)NC1=O,-2.0160000324249268,-2.4549500942230225,noname
CNC(=O)ON=C(SC)C(=O)N(C)C,0.10599999874830246,-0.054938167333602905,noname
COC(=O)Nc1nc2ccc(C(=O)c3ccccc3)cc2[nH]1,-3.880000114440918,-4.6698994636535645,noname
Ic1ccccc1,-3.009999990463257,-2.5056419372558594,noname
Oc1ccc(-c2ccccc2)cc1,-3.4800000190734863,-3.1149826049804688,noname
Clc1c(Cl)c(Cl)c(-c2c(Cl)c(Cl)c(Cl)c(Cl)c2Cl)c(Cl)c1Cl,-11.600000381469727,-10.601713180541992,noname
Oc1ccc(Cl)cc1Cl,-1.5499999523162842,-1.6916221380233765,noname
O=C1CCCCC1,-0.6000000238418579,-0.6324706077575684,noname
CC(C)CCC(C)(C)C,-5.050000190734863,-5.091139793395996,noname
O=[N+]([O-])c1ccc([N+](=O)[O-])cc1,-3.390000104904175,-3.264357089996338,noname
OCc1ccccc1OC1OC(CO)C(O)C(O)C1O,-0.8500000238418579,-0.5031543374061584,noname
CCCCN(C)C(=O)Nc1ccc(Cl)c(Cl)c1,-4.769999980926514,-4.8821702003479,noname
CCCl,-1.059999942779541,-0.7126742601394653,noname
FC(F)(Cl)C(F)(Cl)Cl,-3.0399999618530273,-3.150153636932373,noname
Cc1c2ccccc2cc2ccccc12,-5.889999866485596,-5.745999813079834,noname
CC(=O)OC1(C)CCC2C3CCC4=CC(=O)CCC4(C)C3CCC21C,-5.283999919891357,-5.1627583503723145,noname
CNC(=O)Oc1ccccc1C1OCCO1,-1.5700000524520874,-1.432881474494934,noname
ClCC(Cl)Cl,-1.4800000190734863,-1.4180036783218384,noname
O=C1CNC(=O)N1,-0.4000000059604645,0.07885561883449554,noname
CC12C=CC(=O)C=C1CCC1C2C(O)CC2(C)C1CCC2(O)C(=O)CO,-3.180000066757202,-2.940626621246338,noname
CNc1cnn(-c2cccc(C(F)(F)F)c2)c(=O)c1Cl,-4.046000003814697,-3.9267735481262207,noname
CCC(c1ccc(O)cc1)C(CC)c1ccc(O)cc1,-4.429999828338623,-4.632976531982422,noname
CCCCCCCCC,-5.880000114440918,-5.112487316131592,noname
C=CCc1ccc(OC)cc1,-2.9200000762939453,-3.1889758110046387,noname
CCCCC,-3.180000066757202,-2.879018783569336,noname
CC(C)C1(C(C)C)C(=O)NC(=O)NC1=O,-2.7660000324249268,-2.516387939453125,noname
C#CC1(OC(C)=O)CCC2C3CCC4=CC(=O)CCC4C3CCC21C,-4.800000190734863,-4.504915714263916,noname
CCCOC(=O)CC,-0.8199999928474426,-1.0037976503372192,noname
O=[N+]([O-])c1ccccc1[N+](=O)[O-],-3.0999999046325684,-2.993870496749878,noname
Oc1c(Cl)cccc1Cl,-1.7899999618530273,-1.7983063459396362,noname
NS(=O)(=O)c1cc(C2(O)NC(=O)c3ccccc32)ccc1Cl,-3.4509999752044678,-3.557429313659668,noname
c1ccc(Nc2ccccc2)cc1,-3.503999948501587,-3.568848133087158,noname
CCCCCOC(=O)CC,-1.2799999713897705,-1.9460431337356567,noname
CCC(C)C1(CC)C(=O)NC(=O)NC1=O,-2.390000104904175,-2.4152655601501465,noname
CCOC(=O)c1ccccc1S(=O)(=O)NN(C=O)c1nc(Cl)cc(OC)n1,-4.576000213623047,-4.460479736328125,noname
COC(=O)C1=C(C)NC(C)=C(C(=O)OC)C1c1ccccc1[N+](=O)[O-],-4.760000228881836,-4.84235143661499,noname
c1ccc2c(c1)-c1cccc3c1c-2cc1ccccc13,-8.229999542236328,-8.160478591918945,noname
CNC(=O)Oc1ccccc1C(C)C,-2.86299991607666,-2.8757524490356445,noname
CCCC(C)O,-0.28999999165534973,0.15591289103031158,noname
Oc1cc(Cl)c(Cl)c(Cl)c1Cl,-3.1500000953674316,-3.377288341522217,noname
COc1cc(C2c3cc4c(cc3C(OC3OC5COC(C)OC5C(O)C3O)C3COC(=O)C23)OCO4)cc(OC)c1O,-3.571000099182129,-3.6818745136260986,noname
CC(C)=CCCC(C)=CC=O,-2.059999942779541,-2.2434000968933105,noname
Cc1c(C)c2c3ccccc3ccc2c2ccccc12,-7.010000228881836,-7.316233158111572,noname
CCC,-1.940000057220459,-1.558836817741394,noname
Oc1ccc2ccccc2c1,-2.2799999713897705,-1.8315203189849854,noname
Clc1cc(Cl)c(Cl)c(Cl)c1,-4.630000114440918,-4.8685832023620605,noname
OC(c1ccc(Cl)cc1)(c1ccc(Cl)cc1)C(Cl)(Cl)Cl,-5.665999889373779,-5.974503040313721,noname
CC1CCCCC1C,-4.300000190734863,-4.500807762145996,noname
Clc1ccc(Cl)c(-c2cccc(Cl)c2Cl)c1,-6.46999979019165,-7.175440311431885,noname
c1ccc2[nH]nnc2c1,-0.7799999713897705,-0.40125054121017456,noname
O=C1C=C2CC3(O)COc4c(ccc(O)c4O)C3=C2C=C1O,-2.700000047683716,-3.3021767139434814,noname
C=CC(=O)OC,-0.2199999988079071,-0.1043315976858139,noname
O=C1NC(=O)C2(CCCCCC2)C(=O)N1,-3.1679999828338623,-2.467524290084839,noname
O=[N+]([O-])c1cccc(Cl)c1Cl,-3.4800000190734863,-3.419049024581909,noname
O=C1c2ccccc2Cc2ccccc2N1CCF,-4.798999786376953,-5.31986665725708,noname
CCC(C)C(C)C,-4.28000020980835,-4.1296257972717285,noname
Cc1ccc([N+](=O)[O-])cc1[N+](=O)[O-],-2.819999933242798,-3.110365152359009,noname
c1ccc2c(c1)oc1ccccc12,-4.599999904632568,-4.212295055389404,noname
CCSCC,-1.340000033378601,-1.2097156047821045,noname
CCOC(=O)Nc1cccc(OC(=O)Nc2ccccc2)c1,-4.631999969482422,-4.918140411376953,noname
Oc1c(Cl)cc(Cl)c(Cl)c1Cl,-3.0999999046325684,-3.2834200859069824,noname
O=c1[nH]cnc2[nH]ncc12,-2.2660000324249268,-1.5021942853927612,noname
CN(C)C(=O)Nc1ccc(Oc2ccc(Cl)cc2)cc1,-4.889999866485596,-5.256277561187744,noname
C1CCCCCCC1,-4.150000095367432,-4.371817111968994,noname
CCOCC,-0.09000000357627869,-0.07842372357845306,noname
COP(=S)(OC)Oc1ccc(SC)c(C)c1,-4.570000171661377,-4.711472511291504,noname
Cc1ccc(O)cc1C,-1.3799999952316284,-1.1379202604293823,noname
CC=Cc1ccc(OC)cc1,-3.130000114440918,-3.3217883110046387,noname
OCC(O)C1OC2OC(C(Cl)(Cl)Cl)OC2C1O,-1.840000033378601,-0.7941491007804871,noname
c1ccsc1,-1.3300000429153442,-0.989300012588501,noname
CCOc1ccc(NC(C)=O)cc1,-2.3499999046325684,-2.63488507270813,noname
Cn1c(=O)c2c(ncn2CC(O)CO)n(C)c1=O,-0.17000000178813934,-0.4994547367095947,noname
CC(C)CCCCCOC(=O)c1ccccc1C(=O)OCCCCCC(C)C,-6.63700008392334,-6.80771017074585,noname
CC1CCC(C(C)C)C(=O)C1,-2.3499999046325684,-2.3653347492218018,noname
Brc1ccc(I)cc1,-4.559999942779541,-4.142934322357178,noname
CC(C)C(Nc1ccc(C(F)(F)F)cc1Cl)C(=O)OC(C#N)c1cccc(Oc2ccccc2)c1,-8.003000259399414,-8.415647506713867,noname
Oc1c2ccccc2cc2ccccc12,-4.730000019073486,-4.021800518035889,noname
CCOC(C)=O,-0.03999999910593033,-0.10036246478557587,noname
CN(C)c1ccccc1,-1.9199999570846558,-1.5363558530807495,noname
CNC(=O)Oc1ccccc1,-1.8029999732971191,-1.4505599737167358,noname
Nc1ccc2cc3ccccc3cc2c1,-5.170000076293945,-5.42782735824585,noname
CCOP(=S)(OCC)SCSP(=S)(OCC)OCC,-5.539999961853027,-6.044119358062744,noname
Cc1ccc(N=CN(C)C=Nc2ccc(C)cc2C)c(C)c1,-5.46999979019165,-5.470567226409912,noname
O=C(NC(=O)c1c(F)cccc1F)Nc1cc(Cl)c(F)c(Cl)c1F,-7.28000020980835,-7.420465469360352,noname
C=CC#N,0.15000000596046448,0.5414019227027893,noname
COP(=S)(OC)SCC(=O)N(c1ccc(Cl)cc1)C(C)C,-4.432000160217285,-5.2300190925598145,noname
Nc1cccc([N+](=O)[O-])c1,-2.190000057220459,-1.5394700765609741,noname
C1CCC2CCCCC2C1,-5.190000057220459,-5.279577255249023,noname
Clc1cc(Cl)c(Cl)cc1Cl,-5.559999942779541,-4.858337879180908,noname
Cc1cccc([N+](=O)[O-])c1,-2.440000057220459,-2.4493541717529297,noname
CCCCC(C)CC,-5.159999847412109,-4.639176845550537,noname
CCCC(=O)OCC,-1.3600000143051147,-1.3892632722854614,noname
CCC(=O)Nc1ccc(Cl)c(Cl)c1,-3.0,-3.600921869277954,noname
C1=CCCCCC1,-3.180000066757202,-3.3343114852905273,noname
CC1CO1,-0.5899999737739563,0.1544538289308548,noname
OC1COC(O)C(O)C1O,0.38999998569488525,0.7416558265686035,noname
CCOC(=O)CC(=O)OCC,-0.8199999928474426,-0.5686719417572021,noname
C=CCCCCCC,-4.440000057220459,-4.322078227996826,noname
CCC(C)CO,-0.4699999988079071,-0.21444402635097504,noname
O=[N+]([O-])c1c(Cl)c(Cl)c(Cl)c(Cl)c1Cl,-5.820000171661377,-6.037968158721924,noname
CCOC(=O)c1ccc(N)cc1,-2.615999937057495,-2.321056365966797,noname
COc1cc2c(N)nc(N3CCN(C(=O)OCC(C)(C)O)CC3)nc2c(OC)c1OC,-3.638000011444092,-3.871951103210449,noname
CCOP(=S)(OCC)ON=C(C#N)c1ccccc1,-4.861999988555908,-5.053621768951416,noname
Oc1cccc2ccccc12,-2.2200000286102295,-2.134885787963867,noname
ClCCCCl,-1.6200000047683716,-1.2865906953811646,noname
c1cc2c3c(c4ccc5ccccc5c4cc3c1)CC2,-7.849999904632568,-7.843140125274658,noname
CCCOCCC,-1.6200000047683716,-0.9472721219062805,noname
CCN(CC)C(=O)CSc1ccc(Cl)nn1,-1.715999960899353,-1.3795510530471802,noname
CON(C)C(=O)Nc1ccc(Cl)cc1,-2.569999933242798,-2.573716878890991,noname
CCOP(=S)(OCC)SCSC(C)(C)C,-4.755000114440918,-5.019646167755127,noname
Brc1ccccc1,-2.549999952316284,-2.143404245376587,noname
C=CCCCCCCC,-5.050000190734863,-4.838160514831543,noname
CCCCCCCCCC(=O)OC,-4.690000057220459,-4.143337249755859,noname
CCN(CC)C(=O)C(Cl)=CCOP(=O)(OC)OC,0.5230000019073486,0.8072160482406616,noname
CCC(=O)OC1CCC2C3CCC4=CC(=O)CCC4(C)C3CCC12C,-5.369999885559082,-5.0642266273498535,noname
CC1=C(C(=O)Nc2ccccc2)S(=O)(=O)CCO1,-2.2809998989105225,-2.365321397781372,noname
Cc1cc(C)c(O)c(C)c1,-2.049999952316284,-2.115435838699341,noname
Ic1cccc2ccccc12,-4.550000190734863,-4.254512310028076,noname
CC(C)=CCC1(C(C)C)C(=O)NC(=O)NC1=O,-2.5929999351501465,-2.545474052429199,noname
CC1=CC(=O)c2ccccc2C1=O,-3.0299999713897705,-3.5049777030944824,noname
CCCCCCCCC(C)=O,-3.299999952316284,-2.84549880027771,noname
CC1CCC(C)CC1,-4.46999979019165,-4.600152015686035,noname
CCCCOCCO,-0.41999998688697815,-0.018713131546974182,noname
CC(C)CC(C)(C)C,-4.739999771118164,-4.6892290115356445,noname
CCC(C)Cl,-1.9600000381469727,-1.8354054689407349,noname
Cc1cccc(N)c1,-0.8500000238418579,-0.8932029604911804,noname
Nc1nc(N)c2nc(-c3ccccc3)c(N)nc2n1,-2.4040000438690186,-3.736623764038086,noname
COc1c2occc2cc2ccc(=O)oc12,-3.6640000343322754,-3.6836018562316895,noname
CN(C)C(=O)NC1CCCCCCC1,-2.2179999351501465,-3.0411322116851807,noname
CCNc1nc(NC(C)C)nc(SC)n1,-3.0399999618530273,-4.094122886657715,noname
CCCCC1(CC)C(=O)NC(=O)NC1=O,-1.6610000133514404,-2.4933550357818604,noname
CCc1ccc(C)cc1,-3.109999895095825,-3.210726261138916,noname
CCCCO,0.0,0.32634079456329346,noname
CCSC(=O)N(CC)C1CCCCC1,-3.4000000953674316,-3.931962013244629,noname
CCCN(CCC)c1c([N+](=O)[O-])cc(C(C)C)cc1[N+](=O)[O-],-6.489999771118164,-6.668787956237793,noname
CCCCS,-2.180000066757202,-1.9155503511428833,noname
C=C(Br)CC1(C(C)CC)C(=O)NC(=O)NC1=O,-2.6470000743865967,-2.829869270324707,noname
Cc1ccccc1Br,-2.2300000190734863,-2.6975369453430176,noname
COP(=S)(OC)Oc1cc(Cl)c(Br)cc1Cl,-6.090000152587891,-5.71286153793335,noname
Cc1cccc2c1Cc1ccccc1-2,-5.21999979019165,-5.2492547035217285,noname
c1ccc2c(c1)[nH]c1ccccc12,-5.269999980926514,-4.4287109375,noname
C=CCCC=C,-2.680000066757202,-2.8408093452453613,noname
OCc1ccccc1,-0.4000000059604645,-0.287506639957428,noname
Oc1ccncc1,1.0199999809265137,0.9637712240219116,noname
Oc1cc(Cl)cc(Cl)c1Cl,-2.6700000762939453,-2.4055404663085938,noname
O=C(NC(CO)C(O)c1ccc([N+](=O)[O-])cc1)C(Cl)Cl,-2.1110000610351562,-2.0686495304107666,noname
CCCCC(C)(C)O,-1.0800000429153442,-0.6016923189163208,noname
Cc1ccnc(C)c1,0.3799999952316284,0.18977393209934235,noname
CCCCCCCC(=O)OC,-3.1700000762939453,-3.0881752967834473,noname
C=CCCCO,-0.15000000596046448,0.23625577986240387,noname
C/C=C/CCCC,-3.819999933242798,-3.8862876892089844,noname
C=C(C)CN(CC)c1c([N+](=O)[O-])cc(C(F)(F)F)cc1[N+](=O)[O-],-6.124000072479248,-6.480000019073486,noname
O=C1C2CC=CCC2C(=O)N1SC(Cl)(Cl)C(Cl)Cl,-5.400000095367432,-5.483152866363525,noname
CCNc1nc(Cl)nc(N(CC)CC)n1,-4.059999942779541,-4.270716190338135,noname
Clc1cccc(Br)c1,-3.2100000381469727,-3.1731319427490234,noname
Oc1ccc(Br)cc1,-1.090000033378601,-1.1669045686721802,noname
COC1=CC(=O)CC(C)C12Oc1c(Cl)c(OC)cc(OC)c1C2=O,-3.246000051498413,-3.341451644897461,noname
CC(=O)OCN1C(=O)NC(c2ccccc2)(c2ccccc2)C1=O,-4.46999979019165,-4.98069953918457,noname
c1ccc2c(c1)sc1ccccc12,-4.380000114440918,-4.832793712615967,noname
CN1C(C(=O)Nc2ccccn2)=C(O)c2ccccc2S1(=O)=O,-4.159999847412109,-4.078778266906738,noname
O=c1[nH]cnc2nc[nH]c12,-2.2960000038146973,-1.8869367837905884,noname
CCCCN(CC)c1c([N+](=O)[O-])cc(C(F)(F)F)cc1[N+](=O)[O-],-5.53000020980835,-6.446200847625732,noname
Clc1cc(Cl)c(Cl)c(-c2c(Cl)c(Cl)cc(Cl)c2Cl)c1Cl,-9.149999618530273,-9.475027084350586,noname
CCCCl,-1.4700000286102295,-1.4383832216262817,noname
CC12CC(=O)C3C(CCC4=CC(=O)CCC43C)C1CCC2=O,-3.4800000190734863,-3.4201107025146484,noname
O=c1[nH]c(=O)c2[nH]c(=O)[nH]c2[nH]1,-3.930000066757202,-3.74383807182312,noname
CC(N)=O,1.5800000429153442,1.1212862730026245,noname
CCCCCCCC(C)O,-2.740000009536743,-2.1380715370178223,noname
c1ccc2c(c1)c1ccccc1c1ccccc21,-6.72599983215332,-6.7792067527771,noname
COc1cnc2cncnc2n1,-0.9100000262260437,-0.7204192876815796,noname
C=C,-0.4000000059604645,-0.3345656394958496,noname
COc1ccccc1Cl,-2.4600000381469727,-2.0981180667877197,noname
Brc1ccccc1Br,-3.5,-3.22334623336792,noname
C=Cc1ccccc1,-2.819999933242798,-2.617504358291626,noname
c1ccc(Cc2ccccc2)cc1,-4.079999923706055,-3.899991035461426,noname
Cc1cc(OC(=O)N(C)C)n(-c2ccccc2)n1,-2.0899999141693115,-1.8643537759780884,noname
c1ccc2c(c1)Cc1c-2ccc2ccccc12,-6.679999828338623,-6.524103164672852,noname
Cc1ccccc1C(C)C,-3.759999990463257,-3.684159994125366,noname
CCC(C)C(=O)OC1CC(C)C=C2C=CC(C)C(CCC3CC(O)CC(=O)O3)C21,-6.005000114440918,-6.424576282501221,noname
CN(C)C(=O)SCCCCOc1ccccc1,-3.927000045776367,-3.5415151119232178,noname
c1ccc2c(c1)cc1ccc3cccc4ccc2c1c34,-8.699000358581543,-8.29788589477539,noname
CCCCCC(=O)OC,-1.8700000047683716,-1.9152848720550537,noname
O=C1NC(=O)C(=O)N1,-0.4000000059604645,-0.24967320263385773,noname
ClC1=C(Cl)C2(Cl)C3CC=CC3C1(Cl)C2(Cl)Cl,-5.639999866485596,-6.050389289855957,noname
CC(=O)CC(c1ccccc1)c1c(O)c2ccccc2oc1=O,-3.8929998874664307,-3.9179139137268066,noname
COP(=O)(OC)OC(Br)C(Cl)(Cl)Br,-2.2799999713897705,-1.315190315246582,noname
CSc1nc(N(C)C)nc(N(C)C)n1,-2.6760001182556152,-3.211036443710327,noname
BrCBr,-1.1699999570846558,-0.9888688921928406,noname
CCCCCCCCCCCCCCCCCCCC,-8.17199993133545,-8.17391586303711,noname
Oc1ccc2ncccc2c1,-2.1600000858306885,-1.414345145225525,noname
CCC(=C(CC)c1ccc(O)cc1)c1ccc(O)cc1,-4.070000171661377,-4.479179859161377,noname
O=C1NC(=O)c2ccccc21,-2.609999895095825,-2.531715154647827,noname
Clc1ccc(-c2c(Cl)cc(Cl)c(Cl)c2Cl)c(Cl)c1Cl,-7.659999847412109,-8.809223175048828,noname
CCCCCCCC(=O)OCN1C(=O)NC(c2ccccc2)(c2ccccc2)C1=O,-6.5229997634887695,-6.707774639129639,noname
CC(C)COC=O,-1.0099999904632568,-1.0489444732666016,noname
CCOP(=S)(OCC)Oc1cc(C)nc(C(C)C)n1,-3.640000104904175,-4.144365310668945,noname
CC1CCCCC1NC(=O)Nc1ccccc1,-4.110000133514404,-4.512505054473877,noname
O=C(NC(=O)c1c(F)cccc1F)Nc1ccc(Cl)cc1,-6.019999980926514,-5.940598011016846,noname
c1ccc2ncccc2c1,-1.2999999523162842,-1.4087425470352173,noname
NC(=O)c1ccccc1,-0.9599999785423279,-1.195212483406067,noname
CCC1(C2=CCCCC2)C(=O)NC(=O)NC1=O,-2.1700000762939453,-2.568727970123291,noname
Cc1cc(C)c(C)c(C)c1C,-4.0,-4.570035457611084,noname
CCCCCCCCCCCC(=O)OC,-4.690000057220459,-5.064128398895264,noname
CC12CCC3C(CCC4CC(=O)CCC43C)C1CCC2O,-4.743000030517578,-3.78684139251709,noname
NS(=O)(=O)c1cc2c(cc1C(F)(F)F)NC(Cc1ccccc1)NS2(=O)=O,-3.5899999141693115,-3.789403200149536,noname
CCNP(=S)(OC)OC(C)=CC(=O)OC(C)C,-3.4079999923706055,-3.6793127059936523,noname
Cc1ccnc2c1NC(=O)c1cccnc1N2C1CC1,-3.190000057220459,-4.1391401290893555,noname
CCNc1nc(Cl)nc(NCC)n1,-4.550000190734863,-4.08853006362915,noname
Nc1ccc([N+](=O)[O-])cc1,-2.369999885559082,-1.8817769289016724,noname
CSSC,-1.440000057220459,-1.170274019241333,noname
Cc1cc(=O)[nH]c(=S)[nH]1,-2.436000108718872,-2.7735915184020996,noname
CC(C)=CCC/C(C)=C\CO,-2.4600000381469727,-2.1875956058502197,noname
O=C1C(O)=C(C2CCC(c3ccc(Cl)cc3)CC2)C(=O)c2ccccc21,-5.931000232696533,-6.498149394989014,noname
CC1CCCO1,0.10999999940395355,-0.15590010583400726,noname
CCOC(=O)c1cncn1C(C)c1ccccc1,-4.735000133514404,-4.349020481109619,noname
C1CCOCC1,-0.029999999329447746,-0.20282010734081268,noname
CC(=O)OCCC(C)C,-1.9199999570846558,-1.6971510648727417,noname
CC(C)=CC1C(C(=O)OCc2cccc(Oc3ccccc3)c2)C1(C)C,-5.239999771118164,-6.2490057945251465,noname
CNC(=O)Oc1cc(C)cc(C)c1,-2.5810000896453857,-2.7520971298217773,noname
CC12CCC(=O)C=C1CCC1C3CCC(O)(C(=O)CO)C3(C)CC(O)C12F,-3.430000066757202,-3.1243131160736084,noname
CCCC=O,-0.009999999776482582,0.179739847779274,noname
CCCCC(=O)OC1(C(=O)CO)C(C)CC2C3CCC4=CC(=O)C=CC4(C)C3(F)C(O)CC21C,-4.710000038146973,-3.8200275897979736,noname
CCCCCCCCCCCCCCCCCCO,-8.399999618530273,-6.879058361053467,noname
COP(=S)(OC)Oc1ccc(Sc2ccc(OP(=S)(OC)OC)cc2)cc1,-6.236999988555908,-6.646631717681885,noname
O=c1cc[nH]c(=O)[nH]1,-1.4880000352859497,-1.6208242177963257,noname
Cc1cc(C)c(C)cc1C,-4.590000152587891,-4.190721035003662,noname
Cn1c(=O)on(-c2ccc(Cl)c(Cl)c2)c1=O,-2.819999933242798,-3.256101131439209,noname
NNC(=O)c1ccncc1,0.008999999612569809,0.06348259747028351,noname
CCCC(C)(C)O,-0.49000000953674316,-0.035371825098991394,noname
O=C(c1ccccc1)c1ccccc1,-3.119999885559082,-3.6837682723999023,noname
CCOc1ccc2nc(S(N)(=O)=O)sc2c1,-3.809999942779541,-3.699490547180176,noname
CC=C(C)C,-2.559999942779541,-2.319183588027954,noname
c1ccc2nc(-c3ccc4ccccc4n3)ccc2c1,-5.400000095367432,-5.572917461395264,noname
CN1C(=O)c2cccnc2Oc2ccccc21,-3.671999931335449,-3.5736353397369385,noname
