antecedents,consequents,support,confidence,lift,leverage,conviction,zhangs_metric,gain_AB_avg(%),gain_0_avg(%),gain_1_avg(%)
"frozenset({'[*]C(=O)C(=NO[*])SC', '[*]N(C)C', '[*]C([*])=O'})",frozenset({'[*]NC'}),0.0018761726078799,1.0,31.35294117647059,0.0018163322057524,inf,0.9699248120300752,-11.107145380434655,22.82697498217313,221.75404323968863
"frozenset({'[*]C(=O)C(=NO[*])SC', '[*]N(C)C'})",frozenset({'[*]NC'}),0.0018761726078799,1.0,31.35294117647059,0.0018163322057524,inf,0.9699248120300752,-1.0105951662595023,47.02943582031285,202.96309236273177
"frozenset({'[*]C(=O)C(Cl)Cl', '[*]C(CO)C([*])O'})",frozenset({'[*]N[*]'}),0.0037523452157598,1.0,6.421686746987952,0.003168021289103,inf,0.847457627118644,-5.791605596638612,21.92718643860193,314.39628588058383
"frozenset({'[*]C(=O)C(Cl)Cl', '[*]N[*]'})",frozenset({'[*]C(CO)C([*])O'}),0.0037523452157598,1.0,266.5,0.0037382651211416,inf,1.0,-192.20588211871504,-122.38079673557422,-70.44556273437023
frozenset({'[*]C(=O)C(Cl)Cl'}),"frozenset({'[*]N[*]', '[*]C(CO)C([*])O'})",0.0037523452157598,1.0,266.5,0.0037382651211416,inf,1.0,-276.68844999787905,-125.09900607347636,-70.74529489123617
"frozenset({'[*]C(=O)C([*])C', '[*]CC[*]'})","frozenset({'[*]SP(=O)(OC)OC', '[*]NC'})",0.0018761726078799,1.0,533.0,0.0018726525842253,inf,1.0000000000000002,-9.599473783622017,-1208.231159391124,-16.41746069179899
"frozenset({'[*]C(=O)C([*])C', '[*]CC[*]'})","frozenset({'[*]SP(=O)(OC)OC', '[*]S[*]'})",0.0018761726078799,1.0,533.0,0.0018726525842253,inf,1.0000000000000002,-37.22681058608596,-681.8527334934164,-43.33961674104663
"frozenset({'[*]C(=O)C([*])C', '[*]CC[*]'})","frozenset({'[*]S[*]', '[*]NC'})",0.0018761726078799,1.0,266.5,0.0018691325605708,inf,0.99812030075188,-24.40107038172361,94.99149543893284,23.46789130902434
"frozenset({'[*]C(=O)C([*])C', '[*]NC'})","frozenset({'[*]SP(=O)(OC)OC', '[*]CC[*]'})",0.0018761726078799,1.0,533.0,0.0018726525842253,inf,1.0000000000000002,-17.006533561125732,355.5978279888096,1.479335586751785
"frozenset({'[*]C(=O)C([*])C', '[*]NC'})","frozenset({'[*]SP(=O)(OC)OC', '[*]S[*]'})",0.0018761726078799,1.0,533.0,0.0018726525842253,inf,1.0000000000000002,-4.764207882924041,397.2904127881873,17.79455810023382
"frozenset({'[*]C(=O)C([*])C', '[*]S[*]', '[*]CC[*]'})",frozenset({'[*]SP(=O)(OC)OC'}),0.0018761726078799,1.0,533.0,0.0018726525842253,inf,1.0000000000000002,-40.44961495750872,-298.30214939761913,-54.20262446896896
"frozenset({'[*]C(=O)C([*])C', '[*]S[*]', '[*]NC'})",frozenset({'[*]CC[*]'}),0.0018761726078799,1.0,41.0,0.0018304123003706,inf,0.9774436090225564,-2.6646181212369533,68.05378906484242,131.30582808176504
frozenset({'[*]C(=O)C1=C(C)OCCS1(=O)=O'}),frozenset({'[*]N[*]'}),0.0018761726078799,1.0,6.421686746987952,0.0015840106445515,inf,0.8458646616541354,-20.59647349200466,31.637496467366617,100.10888409061876
frozenset({'[*]C(=O)CC'}),frozenset({'[*]O[*]'}),0.0075046904315197,0.5714285714285714,2.4172335600907027,0.0044000295681986,1.781738586616635,0.594106463878327,-67.16831906393136,-90.86759897563866,-112.6515268703984
frozenset({'[*]C(=O)CC([*])=O'}),frozenset({'[*]O[*]'}),0.0018761726078799,1.0,4.23015873015873,0.0014326496274054,inf,0.7650375939849624,-13.971014377839783,73.85404121475634,70.29863187788987
"frozenset({'[*]C(=O)C[*]', '[*]C(=O)C([*])C'})","frozenset({'[*]N([*])[*]', '[*]OC'})",0.0018761726078799,1.0,266.5,0.0018691325605708,inf,0.99812030075188,-353.54698262052347,288.4338852463438,-253.40992930057385
"frozenset({'[*]C(=O)C[*]', '[*]C(C)OP(=O)(OC)OC'})",frozenset({'[*]NC'}),0.0018761726078799,1.0,31.35294117647059,0.0018163322057524,inf,0.9699248120300752,-3.8876115089821934,-22.404890302459457,-502.75093394825376
"frozenset({'[*]C(=O)C[*]', '[*]C([*])=O'})","frozenset({'[*]CC', '[*]N([*])C'})",0.0018761726078799,1.0,266.5,0.0018691325605708,inf,0.99812030075188,-48.52350256254423,-83.12830450347023,-125.09762395855701
"frozenset({'[*]C(=O)C[*]', '[*]C([*])=O'})","frozenset({'[*]CC', '[*]O[*]'})",0.0018761726078799,1.0,14.026315789473683,0.0017424117090066,inf,0.9304511278195488,-69.69627889075936,-90.09134153505077,-114.72276473552309
"frozenset({'[*]C(=O)C[*]', '[*]CC', '[*]C([*])=O'})",frozenset({'[*]O[*]'}),0.0018761726078799,1.0,4.23015873015873,0.0014326496274054,inf,0.7650375939849624,-362.9360458585532,-31.289237089049863,-153.38282533672486
"frozenset({'[*]C(=O)C[*]', '[*]CC', '[*]N([*])C'})",frozenset({'[*]C([*])=O'}),0.0018761726078799,1.0,6.056818181818182,0.0015664105262787,inf,0.8364661654135339,-585.1921565844226,-513.8193899267675,3105.463403884036
"frozenset({'[*]C(=O)C[*]', '[*]CC', '[*]N([*])C'})",frozenset({'[*]O[*]'}),0.0018761726078799,1.0,4.23015873015873,0.0014326496274054,inf,0.7650375939849624,-52.57525203267739,149.64427052341406,-40.32537621094525
"frozenset({'[*]C(=O)C[*]', '[*]CC', '[*]S[*]'})",frozenset({'[*]N([*])[*]'}),0.0018761726078799,1.0,21.32,0.0017881720165159,inf,0.9548872180451128,-0.1263339769877462,18.54238872518004,534.1763777836804
"frozenset({'[*]C(=O)C[*]', '[*]N([*])C', '[*]C([*])=O'})",frozenset({'[*]CC'}),0.0018761726078799,1.0,3.977611940298508,0.001404489438169,inf,0.7500000000000001,-64.52357313887182,-81.43879082700153,-138.92857850372658
"frozenset({'[*]C(=O)C[*]', '[*]N([*])[*]', '[*]OC'})",frozenset({'[*]C(=O)C([*])C'}),0.0018761726078799,1.0,133.25,0.0018620925132616,inf,0.9943609022556392,-265.9833801860984,-1455.990251999891,-289.13491245919425
"frozenset({'[*]C(=O)C[*]', '[*]NC'})",frozenset({'[*]C(C)OP(=O)(OC)OC'}),0.0018761726078799,1.0,533.0,0.0018726525842253,inf,1.0000000000000002,-43.79005842249765,-381.3794736410389,-53.14923080680023
"frozenset({'[*]C(=O)C[*]', '[*]OC', '[*]C(=O)C([*])C'})",frozenset({'[*]N([*])[*]'}),0.0018761726078799,1.0,21.32,0.0017881720165159,inf,0.9548872180451128,-720.1161581837325,121.90372188150562,-263.4237940904308
"frozenset({'[*]C(=O)C[*]', '[*]O[*]', '[*]C([*])=O'})",frozenset({'[*]CC'}),0.0018761726078799,1.0,3.977611940298508,0.001404489438169,inf,0.7500000000000001,-73.23200433030303,-87.02317674723994,-125.18738350408177
"frozenset({'[*]C(=O)C[*]', '[*]O[*]', '[*]OC'})",frozenset({'[*]C(C)C'}),0.0018761726078799,1.0,10.66,0.0017001714251519,inf,0.9078947368421054,-0.9844977862531948,-211.42448640345376,-47.57293253700072
"frozenset({'[*]C(=O)C[*]', '[*]n1ccnc1[N+](=O)[O-]'})","frozenset({'[*]C[*]', '[*]N[*]'})",0.0018761726078799,1.0,133.25,0.0018620925132616,inf,0.9943609022556392,-48.356640166271255,-42.77086471491092,429.1127171575132
frozenset({'[*]C(=O)N(C)OC'}),frozenset({'[*]N[*]'}),0.0056285178236397,1.0,6.421686746987952,0.0047520319336545,inf,0.8490566037735849,-232.04336410766768,-78.22968219316245,-117.99234608908782
frozenset({'[*]C(=O)NNC[*]'}),frozenset({'[*]c1cc(C)on1'}),0.0018761726078799,1.0,533.0,0.0018726525842253,inf,1.0000000000000002,-46.81469060126207,267.71303758583247,-37.82127958423128
frozenset({'[*]C(C)(C)C#N'}),"frozenset({'[*]CC', '[*]N[*]'})",0.0018761726078799,1.0,31.35294117647059,0.0018163322057524,inf,0.9699248120300752,-16.676989424230467,-210.196724312597,-52.55304152514292
"frozenset({'[*]C(C)C#C', '[*]O[*]', '[*]C([*])=O'})",frozenset({'[*]N[*]'}),0.0018761726078799,1.0,6.421686746987952,0.0015840106445515,inf,0.8458646616541354,-5.487785862231641,27.31510630679838,266.8223072598869
"frozenset({'[*]C(C)C', '[*]N1CC(=O)N([*])C1=O', '[*]C([*])=O'})",frozenset({'[*]N[*]'}),0.0018761726078799,1.0,6.421686746987952,0.0015840106445515,inf,0.8458646616541354,-0.1702364191353481,23.339521438615776,423.7380725014334
"frozenset({'[*]C(C)C', '[*]N1CC(=O)N([*])C1=O'})","frozenset({'[*]N[*]', '[*]C([*])=O'})",0.0018761726078799,1.0,14.026315789473683,0.0017424117090066,inf,0.9304511278195488,-9.71234658287072,3.345614501877404,614.570442028986
"frozenset({'[*]C(C)C', '[*]N[*]', '[*]CCC[*]'})",frozenset({'[*]OC'}),0.0018761726078799,1.0,8.883333333333333,0.0016649711886063,inf,0.8890977443609023,-1.0877762115494367,-1.792044713550974,-13901.03125956804
"frozenset({'[*]C(C)C', '[*]N[*]', '[*]N1CC(=O)N([*])C1=O'})",frozenset({'[*]C([*])=O'}),0.0018761726078799,1.0,6.056818181818182,0.0015664105262787,inf,0.8364661654135339,-11.665942201753705,-12.948622090446172,-6094.9497263250105
"frozenset({'[*]C(C)C', '[*]O[*]', '[*]OC'})",frozenset({'[*]C(=O)C[*]'}),0.0018761726078799,1.0,38.07142857142857,0.001826892276716,inf,0.9755639097744362,-1.8496373171901448,-33.316335241185975,-307.998497233655
"frozenset({'[*]C(C)C', '[*]SC', '[*]CCC[*]'})",frozenset({'[*]OC'}),0.0018761726078799,1.0,8.883333333333333,0.0016649711886063,inf,0.8890977443609023,-2.195700409193848,-3.344065583711695,-8332.020768871744
frozenset({'[*]C(C)CC'}),frozenset({'[*]C1([*])C(=O)NC(=O)NC1=O'}),0.0056285178236397,0.6,21.32,0.0053645160495478,2.4296435272045027,0.9621212121212122,-11231.684733780834,74.25951925254485,-255.5406659398586
"frozenset({'[*]C(C)OP(=O)(OC)OC', '[*]NC'})",frozenset({'[*]C(=O)C[*]'}),0.0018761726078799,1.0,38.07142857142857,0.001826892276716,inf,0.9755639097744362,-24.324759909161592,-34.90679473848507,-565.5006353595882
frozenset({'[*]C(C)OP(=O)(OC)OC'}),"frozenset({'[*]C(=O)C[*]', '[*]NC'})",0.0018761726078799,1.0,533.0,0.0018726525842253,inf,1.0000000000000002,-43.79005842249765,-53.14923080680023,-381.3794736410389
frozenset({'[*]C(C)OP(=O)(OC)OC'}),frozenset({'[*]C(=O)C[*]'}),0.0018761726078799,1.0,38.07142857142857,0.001826892276716,inf,0.9755639097744362,-31.31289451245608,-38.22597578732915,-713.7753555578906
frozenset({'[*]C(C)OP(=O)(OC)OC'}),frozenset({'[*]NC'}),0.0018761726078799,1.0,31.35294117647059,0.0018163322057524,inf,0.9699248120300752,-15.826568881209315,-25.61820351476883,-739.4204090788758
frozenset({'[*]C(CO)C([*])O'}),"frozenset({'[*]C(=O)C(Cl)Cl', '[*]N[*]'})",0.0037523452157598,1.0,266.5,0.0037382651211416,inf,1.0,-192.20588211871504,-70.44556273437023,-122.38079673557422
"frozenset({'[*]C(CO)CS(=O)CSC', '[*]C(=O)C[*]', '[*]C[*]'})",frozenset({'[*]N[*]'}),0.0018761726078799,1.0,6.421686746987952,0.0015840106445515,inf,0.8458646616541354,-58.15858098185767,-83.65990347382053,-126.81009291828856
"frozenset({'[*]C(CO)CS(=O)CSC', '[*]C(=O)C[*]', '[*]N[*]'})",frozenset({'[*]C[*]'}),0.0018761726078799,1.0,24.227272727272727,0.0017987320874796,inf,0.9605263157894738,-66.67908549093605,-59.148237642663695,80.75230153078682
"frozenset({'[*]C(CO)CS(=O)CSC', '[*]C(=O)C[*]'})","frozenset({'[*]C[*]', '[*]N[*]'})",0.0018761726078799,1.0,133.25,0.0018620925132616,inf,0.9943609022556392,-73.25613204968488,-86.454512469125,-127.44721081950205
"frozenset({'[*]C(CO)CS(=O)CSC', '[*]C[*]'})","frozenset({'[*]C(=O)C[*]', '[*]N[*]'})",0.0018761726078799,1.0,266.5,0.0018691325605708,inf,0.99812030075188,-79.96811807088193,-91.180419830118,-115.75704903606734
"frozenset({'[*]C(CO)CS(=O)CSC', '[*]N[*]', '[*]C[*]'})",frozenset({'[*]C(=O)C[*]'}),0.0018761726078799,1.0,38.07142857142857,0.001826892276716,inf,0.9755639097744362,-77.48006393651102,-85.07475071970649,-144.25668485335788
"frozenset({'[*]C(CO)CS(=O)CSC', '[*]N[*]'})","frozenset({'[*]C[*]', '[*]C(=O)C[*]'})",0.0018761726078799,1.0,133.25,0.0018620925132616,inf,0.9943609022556392,-79.57647368997867,-87.36458525163428,-133.135083326467
frozenset({'[*]C(CO)CS(=O)CSC'}),"frozenset({'[*]C[*]', '[*]C(=O)C[*]', '[*]N[*]'})",0.0018761726078799,1.0,266.5,0.0018691325605708,inf,0.99812030075188,-79.05597181639081,-91.94097823586998,-113.0995960316395
frozenset({'[*]C(O)C([*])O'}),frozenset({'[*]c1ccccc1'}),0.0018761726078799,1.0,4.981308411214953,0.0014995300768421,inf,0.8007518796992482,-877.1451098122883,-135.87560609402595,-62.388103520145776
frozenset({'[*]C(O)CO'}),frozenset({'[*]C1OC2OC([*])C(O)C2O1'}),0.0018761726078799,1.0,533.0,0.0018726525842253,inf,1.0000000000000002,-126.24104080177683,-82.21859181092553,-110.59919810230276
"frozenset({'[*]C([*])(C)C', '[*]C([*])=O'})","frozenset({'[*]N([*])C', '[*]N[*]'})",0.0018761726078799,1.0,177.66666666666666,0.0018656125369162,inf,0.9962406015037596,-20.063071414531457,55.004620414187656,65.05893508405747
"frozenset({'[*]C([*])(C)C', '[*]N([*])C', '[*]C([*])=O'})",frozenset({'[*]N[*]'}),0.0018761726078799,1.0,6.421686746987952,0.0015840106445515,inf,0.8458646616541354,-16.998645156272595,-16.216602690452984,8792.27349414393
"frozenset({'[*]C([*])(C)C', '[*]N([*])C', '[*]N[*]'})",frozenset({'[*]C([*])=O'}),0.0018761726078799,1.0,6.056818181818182,0.0015664105262787,inf,0.8364661654135339,-3.067578948955899,-46.0466413113847,-221.68319628337568
"frozenset({'[*]C([*])(C)C', '[*]N[*]', '[*]C([*])=O'})",frozenset({'[*]N([*])C'}),0.0018761726078799,1.0,88.83333333333333,0.0018550524659525,inf,0.9906015037593986,-24.50341710445073,76.51395665090023,31.91988729374568
"frozenset({'[*]C([*])(C)C', '[*]N[*]'})","frozenset({'[*]N([*])C', '[*]C([*])=O'})",0.0018761726078799,1.0,133.25,0.0018620925132616,inf,0.9943609022556392,-7.848975729797443,-23.795350534082683,-540.3719709729213
"frozenset({'[*]C([*])([*])O', '[*]C1CC1'})","frozenset({'[*]c1cncnc1', '[*]OC'})",0.0018761726078799,1.0,533.0,0.0018726525842253,inf,1.0000000000000002,-4.750485071441334,51.36842381052384,156.91463413477544
"frozenset({'[*]C([*])=O', '[*]C(=O)C([*])C'})","frozenset({'[*]N[*]', '[*]O[*]'})",0.0018761726078799,1.0,38.07142857142857,0.001826892276716,inf,0.9755639097744362,-25.577817453514847,114.65037243197644,15.099061716808095
"frozenset({'[*]C([*])=O', '[*]C1OCCO1', '[*]NC'})",frozenset({'[*]O[*]'}),0.0018761726078799,1.0,4.23015873015873,0.0014326496274054,inf,0.7650375939849624,-35.97540202625177,306.6473307220059,-24.01137058905015
"frozenset({'[*]C([*])=O', '[*]NC'})",frozenset({'[*]O[*]'}),0.0206378986866791,0.846153846153846,3.579365079365078,0.0148720999405115,4.963414634146337,0.7386363636363636,-39.88937785545318,159.9588094514751,-36.98343895196661
"frozenset({'[*]C([*])C#N', '[*]C1OC([*])C(O)C(O)C1O'})","frozenset({'[*]C[*]', '[*]CO'})",0.0018761726078799,1.0,266.5,0.0018691325605708,inf,0.99812030075188,-46.067286551281335,3.4495571729069443,-170.1578566499333
"frozenset({'[*]C([*])C#N', '[*]C1OC([*])C(O)C(O)C1O'})","frozenset({'[*]C[*]', '[*]O[*]'})",0.0018761726078799,1.0,53.3,0.0018409723713343,inf,0.9830827067669174,-19.180677681491737,40.65748691785242,69.78565300123199
"frozenset({'[*]C([*])C#N', '[*]C1OC([*])C(O)C(O)C1O'})","frozenset({'[*]O[*]', '[*]CO'})",0.0018761726078799,1.0,106.6,0.0018585724896071,inf,0.9924812030075189,-51.20864799844627,36.2582660379514,79.33792948889476
"frozenset({'[*]C([*])C#N', '[*]CO'})","frozenset({'[*]C[*]', '[*]C1OC([*])C(O)C(O)C1O'})",0.0018761726078799,1.0,177.66666666666666,0.0018656125369162,inf,0.9962406015037596,-30.73441518588722,-54.664591468707926,-254.4337295433111
"frozenset({'[*]C([*])C#N', '[*]CO'})","frozenset({'[*]C[*]', '[*]O[*]'})",0.0018761726078799,1.0,53.3,0.0018409723713343,inf,0.9830827067669174,-32.96891724911076,-0.6238895449320074,-22.139420482733538
"frozenset({'[*]C([*])C#N', '[*]CO'})","frozenset({'[*]O[*]', '[*]C1OC([*])C(O)C(O)C1O'})",0.0018761726078799,1.0,88.83333333333333,0.0018550524659525,inf,0.9906015037593986,-16.546875598171265,-25.823417906136516,-117.75832989293137
"frozenset({'[*]C([*])C#N', '[*]CO'})","frozenset({'[*]c1ccccc1', '[*]O[*]'})",0.0018761726078799,1.0,22.20833333333333,0.0017916920401705,inf,0.9567669172932332,-1.0203183365971416,196.28741713297853,48.70679961908176
frozenset({'[*]C([*])C'}),frozenset({'[*]O[*]'}),0.0037523452157598,1.0,4.23015873015873,0.0028652992548109,inf,0.7664783427495291,-29.406833668886605,13.453033574421683,86.8649948079267
frozenset({'[*]C([*])C(=O)C(C)(C)C'}),"frozenset({'[*]n1cncn1', '[*]O[*]'})",0.0018761726078799,1.0,533.0,0.0018726525842253,inf,1.0000000000000002,-7.421362999576843,26.20936083961994,247.42905502404017
frozenset({'[*]C([*])C([*])[*]'}),frozenset({'[*]CC'}),0.0018761726078799,1.0,3.977611940298508,0.001404489438169,inf,0.7500000000000001,-9.035534985666363,99.3380515264285,69.17853337379219
"frozenset({'[*]C([*])CC([*])O', '[*]c1c(O)c2ccccc2oc1=O'})","frozenset({'[*]c1ccc(Br)cc1', '[*]c1ccc([*])cc1'})",0.0018761726078799,1.0,533.0,0.0018726525842253,inf,1.0000000000000002,-1517.6855581454492,-402.264545615496,284.1742949476468
"frozenset({'[*]C([*])CC([*])O', '[*]c1c(O)c2ccccc2oc1=O'})","frozenset({'[*]c1ccccc1', '[*]c1ccc([*])cc1'})",0.0018761726078799,1.0,106.6,0.0018585724896071,inf,0.9924812030075189,-548.0144764971344,-237.0777652469361,97.50907826090284
"frozenset({'[*]C([*])[*]', '[*]C1C2C=C(C([*])([*])O)C1C1C(=O)NC(=O)C21'})","frozenset({'[*]c1ccccc1', '[*]c1ccccn1'})",0.0018761726078799,1.0,533.0,0.0018726525842253,inf,1.0000000000000002,-650.1443023072226,-360.2603678548749,409.37484577430627
"frozenset({'[*]C([*])[*]', '[*]C1C2C=C(C([*])([*])O)C1C1C(=O)NC(=O)C21'})",frozenset({'[*]c1ccccc1'}),0.0018761726078799,1.0,4.981308411214953,0.0014995300768421,inf,0.8007518796992482,-257.41896447326644,-188.23438541632635,108.2576608100491
"frozenset({'[*]C([*])[*]', '[*]C1C2C=C(C([*])([*])O)C1C1C(=O)NC(=O)C21'})",frozenset({'[*]c1ccccn1'}),0.0018761726078799,1.0,177.66666666666666,0.0018656125369162,inf,0.9962406015037596,-82.13344983067144,-82.90343336691237,-499.19271960846964
"frozenset({'[*]C([*])[*]', '[*]c1ccccn1', '[*]C1C2C=C(C([*])([*])O)C1C1C(=O)NC(=O)C21'})",frozenset({'[*]c1ccccc1'}),0.0018761726078799,1.0,4.981308411214953,0.0014995300768421,inf,0.8007518796992482,-5421.507570725624,-568.3408581357482,467.82284927599414
"frozenset({'[*]C([*])[*]', '[*]c1ccccn1'})",frozenset({'[*]C1C2C=C(C([*])([*])O)C1C1C(=O)NC(=O)C21'}),0.0018761726078799,1.0,533.0,0.0018726525842253,inf,1.0000000000000002,-82.66037671851032,-16.147452430199856,-82.95961589163569
frozenset({'[*]C([*])[*]'}),"frozenset({'[*]c1ccccc1', '[*]C1C2C=C(C([*])([*])O)C1C1C(=O)NC(=O)C21'})",0.0018761726078799,1.0,533.0,0.0018726525842253,inf,1.0000000000000002,-0.3105516701881793,8547.057706541655,0.8521437710377654
frozenset({'[*]C([*])[*]'}),"frozenset({'[*]c1ccccn1', '[*]C1C2C=C(C([*])([*])O)C1C1C(=O)NC(=O)C21'})",0.0018761726078799,1.0,533.0,0.0018726525842253,inf,1.0000000000000002,-74.4946669818097,-1026.123594970027,-67.55906970764752
"frozenset({'[*]C1([*])OC([*])C(O)C1O', '[*]C1OC([*])C(O)C(O)C1O'})","frozenset({'[*]O[*]', '[*]CO'})",0.0037523452157598,1.0,106.6,0.0037171449792142,inf,0.9943502824858756,-13.631533150211324,23.244754102472612,-711.2322685103351
"frozenset({'[*]C1([*])OC([*])C(O)C1O', '[*]CO'})","frozenset({'[*]O[*]', '[*]C1OC([*])C(O)C(O)C1O'})",0.0037523452157598,1.0,88.83333333333333,0.0037101049319051,inf,0.992467043314501,-11.564317142851536,137.36627758187157,49.33786101759659
frozenset({'[*]C1([*])OC([*])C(O)C1O'}),"frozenset({'[*]O[*]', '[*]C1OC([*])C(O)C(O)C1O', '[*]CO'})",0.0037523452157598,1.0,106.6,0.0037171449792142,inf,0.9943502824858756,-20.60242167113014,93.5727674920558,34.75912013178304
frozenset({'[*]C1C2C=C(C([*])([*])O)C1C1C(=O)NC(=O)C21'}),"frozenset({'[*]C([*])[*]', '[*]c1ccccn1'})",0.0018761726078799,1.0,533.0,0.0018726525842253,inf,1.0000000000000002,-82.66037438213118,-82.9596142604345,-16.151076646287624
frozenset({'[*]C1C2C=C(C([*])([*])O)C1C1C(=O)NC(=O)C21'}),"frozenset({'[*]c1ccccc1', '[*]C([*])[*]'})",0.0018761726078799,1.0,533.0,0.0018726525842253,inf,1.0000000000000002,-231.35970681126818,-180.83675731874766,112.0015682376901
frozenset({'[*]C1C2C=C(C([*])([*])O)C1C1C(=O)NC(=O)C21'}),"frozenset({'[*]c1ccccc1', '[*]c1ccccn1', '[*]C([*])[*]'})",0.0018761726078799,1.0,533.0,0.0018726525842253,inf,1.0000000000000002,-567.1307144656287,-340.1983073475011,396.6788853277173
frozenset({'[*]C1C2C=C(C([*])([*])O)C1C1C(=O)NC(=O)C21'}),"frozenset({'[*]c1ccccc1', '[*]c1ccccn1'})",0.0018761726078799,1.0,533.0,0.0018726525842253,inf,1.0000000000000002,-471.2865589032272,-295.6293414091549,315.41080279320664
frozenset({'[*]C1CC(=O)NC(=O)C1'}),frozenset({'[*]CC([*])O'}),0.0018761726078799,1.0,533.0,0.0018726525842253,inf,1.0000000000000002,-25.74636600377399,-58.08155653069012,-196.2603500502238
"frozenset({'[*]C1CC(O)C(O)C(C)O1', '[*]C1CC(O)C([*])C(C)O1'})",frozenset({'[*]O[*]'}),0.0037523452157598,1.0,4.23015873015873,0.0028652992548109,inf,0.7664783427495291,-28.882731281514662,9.582903490366407,493.25034227561304
"frozenset({'[*]C1CC(O)C(O)C(C)O1', '[*]O[*]'})",frozenset({'[*]C1CC(O)C([*])C(C)O1'}),0.0037523452157598,1.0,266.5,0.0037382651211416,inf,1.0,-55.54888592727166,10.707399613666867,125.23139192237132
frozenset({'[*]C1CC(O)C(O)C(C)O1'}),"frozenset({'[*]C1CC(O)C([*])C(C)O1', '[*]O[*]'})",0.0037523452157598,1.0,266.5,0.0037382651211416,inf,1.0,-64.20598577118571,-328.18905645988906,-7.772130958357024
"frozenset({'[*]C1CC(O)C([*])C(C)O1', '[*]O[*]'})",frozenset({'[*]C1CC(O)C(O)C(C)O1'}),0.0037523452157598,1.0,266.5,0.0037382651211416,inf,1.0,-64.20598577118571,-7.772130958357024,-328.18905645988906
frozenset({'[*]C1CC(O)C([*])C(C)O1'}),"frozenset({'[*]C1CC(O)C(O)C(C)O1', '[*]O[*]'})",0.0037523452157598,1.0,266.5,0.0037382651211416,inf,1.0,-55.54888592727166,125.23139192237132,10.707399613666867
"frozenset({'[*]C1OC(O)C(O)C(O)C1[*]', '[*]C1OC([*])C(O)C(O)C1O', '[*]CO'})",frozenset({'[*]O[*]'}),0.0018761726078799,1.0,4.23015873015873,0.0014326496274054,inf,0.7650375939849624,-15.439781588197757,10.013069063696799,532.0188887993943
"frozenset({'[*]C1OC(O)C(O)C(O)C1[*]', '[*]C1OC([*])C(O)C(O)C1O'})",frozenset({'[*]CO'}),0.0018761726078799,1.0,53.3,0.0018409723713343,inf,0.9830827067669174,-12.688338910642974,8.949349812938797,661.9527709467928
"frozenset({'[*]C1OC(O)C(O)C(O)C1[*]', '[*]C1OC([*])C(O)C(O)C1O'})","frozenset({'[*]O[*]', '[*]CO'})",0.0018761726078799,1.0,106.6,0.0018585724896071,inf,0.9924812030075189,-19.54823968440527,10.631526631232141,307.5178530143564
"frozenset({'[*]C1OC(O)C(O)C(O)C1[*]', '[*]C1OC([*])C(O)C(O)C1O'})",frozenset({'[*]O[*]'}),0.0018761726078799,1.0,4.23015873015873,0.0014326496274054,inf,0.7650375939849624,-14.556255969142544,10.46554751343678,573.5793657876119
"frozenset({'[*]C1OC(O)C(O)C(O)C1[*]', '[*]CO'})",frozenset({'[*]C1OC([*])C(O)C(O)C1O'}),0.0018761726078799,1.0,88.83333333333333,0.0018550524659525,inf,0.9906015037593986,-28.262066457273114,53.842457771422055,46.394437765319545
"frozenset({'[*]C1OC(O)C(O)C(O)C1[*]', '[*]CO'})","frozenset({'[*]O[*]', '[*]C1OC([*])C(O)C(O)C1O'})",0.0018761726078799,1.0,88.83333333333333,0.0018550524659525,inf,0.9906015037593986,-29.895642591132134,63.102265717920154,34.54183220094368
"frozenset({'[*]C1OC(O)C(O)C(O)C1[*]', '[*]CO'})",frozenset({'[*]O[*]'}),0.0018761726078799,1.0,4.23015873015873,0.0014326496274054,inf,0.7650375939849624,-14.356190950369667,20.693573065076897,409.41293543627694
"frozenset({'[*]C1OC(O)C(O)C(O)C1[*]', '[*]O[*]', '[*]C1OC([*])C(O)C(O)C1O'})",frozenset({'[*]CO'}),0.0018761726078799,1.0,53.3,0.0018409723713343,inf,0.9830827067669174,-13.113617355684244,8.291266180616434,643.6076468408428
"frozenset({'[*]C1OC(O)C(O)C(O)C1[*]', '[*]O[*]', '[*]CO'})",frozenset({'[*]C1OC([*])C(O)C(O)C1O'}),0.0018761726078799,1.0,88.83333333333333,0.0018550524659525,inf,0.9906015037593986,-30.194146801196467,35.36936685920232,52.765661382288194
"frozenset({'[*]C1OC(O)C(O)C(O)C1[*]', '[*]O[*]'})","frozenset({'[*]C1OC([*])C(O)C(O)C1O', '[*]CO'})",0.0018761726078799,1.0,106.6,0.0018585724896071,inf,0.9924812030075189,-30.402696311375,39.55768392330814,48.16757088478106
"frozenset({'[*]C1OC(O)C(O)C(O)C1[*]', '[*]O[*]'})",frozenset({'[*]C1OC([*])C(O)C(O)C1O'}),0.0018761726078799,1.0,88.83333333333333,0.0018550524659525,inf,0.9906015037593986,-28.412104673431447,39.61212286580333,53.216531585363704
"frozenset({'[*]C1OC(O)C(O)C(O)C1[*]', '[*]O[*]'})",frozenset({'[*]CO'}),0.0018761726078799,1.0,53.3,0.0018409723713343,inf,0.9830827067669174,-13.442574530400327,14.931845972156953,738.9759339978367
frozenset({'[*]C1OC(O)C(O)C(O)C1[*]'}),"frozenset({'[*]C1OC([*])C(O)C(O)C1O', '[*]CO'})",0.0018761726078799,1.0,106.6,0.0018585724896071,inf,0.9924812030075189,-27.727621037337048,60.90328830361859,41.47147797129981
frozenset({'[*]C1OC(O)C(O)C(O)C1[*]'}),"frozenset({'[*]O[*]', '[*]C1OC([*])C(O)C(O)C1O', '[*]CO'})",0.0018761726078799,1.0,106.6,0.0018585724896071,inf,0.9924812030075189,-28.872983249240807,69.58036679804302,31.4731521670865
frozenset({'[*]C1OC(O)C(O)C(O)C1[*]'}),"frozenset({'[*]O[*]', '[*]C1OC([*])C(O)C(O)C1O'})",0.0018761726078799,1.0,88.83333333333333,0.0018550524659525,inf,0.9906015037593986,-27.36478323032488,69.65198846662823,34.77531505418844
frozenset({'[*]C1OC(O)C(O)C(O)C1[*]'}),"frozenset({'[*]O[*]', '[*]CO'})",0.0018761726078799,1.0,106.6,0.0018585724896071,inf,0.9924812030075189,-16.609968789622496,35.30278326049315,181.92543327738827
"frozenset({'[*]C1OC([*])([*])C(O)C1O', '[*]C1OC([*])C(O)C(O)C1O', '[*]CO'})",frozenset({'[*]O[*]'}),0.0037523452157598,1.0,4.23015873015873,0.0028652992548109,inf,0.7664783427495291,-15.598443126904609,10.03752399013441,326.8139124293603
"frozenset({'[*]C1OC([*])([*])C(O)C1O', '[*]C1OC([*])C(O)C(O)C1O'})","frozenset({'[*]O[*]', '[*]CO'})",0.0037523452157598,1.0,106.6,0.0037171449792142,inf,0.9943502824858756,-13.631533114296928,23.244754102472612,-711.2322677026929
"frozenset({'[*]C1OC([*])([*])C(O)C1O', '[*]CO'})","frozenset({'[*]O[*]', '[*]C1OC([*])C(O)C(O)C1O'})",0.0037523452157598,1.0,88.83333333333333,0.0037101049319051,inf,0.992467043314501,-11.56431538346256,137.3663100246234,49.33786220106957
"frozenset({'[*]C1OC([*])([*])C(O)C1O', '[*]O[*]', '[*]C1OC([*])C(O)C(O)C1O'})",frozenset({'[*]CO'}),0.0037523452157598,1.0,53.3,0.0036819447426686,inf,0.9849340866290018,-12.223410514502392,10.887656689125347,806.2480483666201
"frozenset({'[*]C1OC([*])([*])C(O)C1O', '[*]O[*]', '[*]CO'})",frozenset({'[*]C1OC([*])C(O)C(O)C1O'}),0.0037523452157598,1.0,88.83333333333333,0.0037101049319051,inf,0.992467043314501,-15.098063832480253,71.15958098002363,82.82856787437196
"frozenset({'[*]C1OC([*])([*])C(O)C1O', '[*]O[*]'})","frozenset({'[*]C1OC([*])C(O)C(O)C1O', '[*]CO'})",0.0037523452157598,1.0,106.6,0.0037171449792142,inf,0.9943502824858756,-18.433459868466098,79.15638374191087,62.98342773862638
frozenset({'[*]C1OC([*])([*])C(O)C1O'}),"frozenset({'[*]O[*]', '[*]C1OC([*])C(O)C(O)C1O', '[*]CO'})",0.0037523452157598,1.0,106.6,0.0037171449792142,inf,0.9943502824858756,-20.602420775459322,93.57278941782789,34.759111282783145
"frozenset({'[*]C1OC([*])C(O)C(O)C1O', '[*]CO'})",frozenset({'[*]O[*]'}),0.0093808630393996,1.0,4.23015873015873,0.0071632481370274,inf,0.7708333333333335,-14.915552293521657,16.953320042649484,508.8190248447973
frozenset({'[*]C1OC([*])C(O)C(O)C1O'}),"frozenset({'[*]O[*]', '[*]CO'})",0.0093808630393996,0.8333333333333334,88.83333333333333,0.0092752623297628,5.943714821763603,1.0,-18.244054210931598,26.605164474289857,228.04925542176932
frozenset({'[*]C1OC([*])C(O)C1O'}),frozenset({'[*]CO'}),0.0037523452157598,1.0,53.3,0.0036819447426686,inf,0.9849340866290018,-41013.86058854964,-133.81327087845395,-66.15876102066261
frozenset({'[*]C1OC2OC([*])C(O)C2O1'}),frozenset({'[*]C(O)CO'}),0.0018761726078799,1.0,533.0,0.0018726525842253,inf,1.0000000000000002,-126.24104080177683,-110.59919810230276,-82.21859181092553
"frozenset({'[*]C1OCCO1', '[*]C([*])=O'})","frozenset({'[*]O[*]', '[*]NC'})",0.0018761726078799,1.0,48.45454545454545,0.0018374523476797,inf,0.9812030075187972,-49.92696754516125,-2745.6579538159613,-50.85707095384443
"frozenset({'[*]C1OCCO1', '[*]NC'})","frozenset({'[*]O[*]', '[*]C([*])=O'})",0.0018761726078799,1.0,10.450980392156865,0.0016966514014974,inf,0.9060150375939848,-59.73101405624182,79.53916185345234,-48.0875216979779
"frozenset({'[*]CC', '[*]C(=O)C([*])Cl', '[*]CC[*]'})",frozenset({'[*]N([*])[*]'}),0.0018761726078799,1.0,21.32,0.0017881720165159,inf,0.9548872180451128,-2.10390732178697,12.616781121194446,648.9284814677882
"frozenset({'[*]CC', '[*]C(=O)C([*])Cl'})","frozenset({'[*]N([*])[*]', '[*]CC[*]'})",0.0018761726078799,1.0,533.0,0.0018726525842253,inf,1.0000000000000002,-3.563494308006718,12.192974539979728,586.6702515779136
"frozenset({'[*]CC', '[*]C(=O)CCl', '[*]OC'})",frozenset({'[*]N([*])[*]'}),0.0018761726078799,1.0,21.32,0.0017881720165159,inf,0.9548872180451128,-20.64712964384276,-20.699178908927944,-120999.83912123082
"frozenset({'[*]CC', '[*]C(C)(C)C#N'})",frozenset({'[*]N[*]'}),0.0018761726078799,1.0,6.421686746987952,0.0015840106445515,inf,0.8458646616541354,-4.033313743844825,17723.632857405366,-3.4611572921360727
"frozenset({'[*]CC', '[*]C(C)CC'})",frozenset({'[*]C1([*])C(=O)NC(=O)NC1=O'}),0.0018761726078799,1.0,35.53333333333333,0.0018233722530615,inf,0.973684210526316,-5733.277506083484,75.43375006890122,-270.1353285592006
"frozenset({'[*]CC', '[*]C(N)=O'})",frozenset({'[*]O[*]'}),0.0037523452157598,1.0,4.23015873015873,0.0028652992548109,inf,0.7664783427495291,-32.50393717673615,132.433205207083,-4.882999704444214
"frozenset({'[*]CC', '[*]C([*])=O'})",frozenset({'[*]O[*]'}),0.0262664165103189,1.0,4.23015873015873,0.0200570947836769,inf,0.7842003853564546,-12.678874930207348,34.54473436842844,148.78652334621464
"frozenset({'[*]CC', '[*]N([*])C', '[*]C([*])=O'})",frozenset({'[*]O[*]'}),0.0018761726078799,1.0,4.23015873015873,0.0014326496274054,inf,0.7650375939849624,-3.5896638604921587,21.59558725557024,365.47908457293534
"frozenset({'[*]CC', '[*]N([*])C', '[*]O[*]'})",frozenset({'[*]C(=O)C[*]'}),0.0018761726078799,1.0,38.07142857142857,0.001826892276716,inf,0.9755639097744362,-7.58492817141268,-89.07740374359354,-112.38657324499106
"frozenset({'[*]CC', '[*]N([*])[*]', '[*]C(=O)C([*])C'})",frozenset({'[*]O[*]'}),0.0018761726078799,1.0,4.23015873015873,0.0014326496274054,inf,0.7650375939849624,-243.22485919086316,-1320.7399376467115,-262.26251416237363
"frozenset({'[*]CC', '[*]N([*])[*]', '[*]C([*])=O'})",frozenset({'[*]O[*]'}),0.0018761726078799,1.0,4.23015873015873,0.0014326496274054,inf,0.7650375939849624,-10.438178636294994,20.54988848546108,248.41371472211992
"frozenset({'[*]CC', '[*]N[*]', '[*]C(=O)C([*])C'})",frozenset({'[*]C([*])=O'}),0.0018761726078799,1.0,6.056818181818182,0.0015664105262787,inf,0.8364661654135339,-2.760209826316718,28.316129822193325,301.5091121070113
"frozenset({'[*]CC', '[*]OS(C)(=O)=O'})",frozenset({'[*]O[*]'}),0.0018761726078799,1.0,4.23015873015873,0.0014326496274054,inf,0.7650375939849624,-2.901456470406481,-17.7297988433804,-638.7194675754129
frozenset({'[*]CC(=C)Br'}),frozenset({'[*]C1([*])C(=O)NC(=O)NC1=O'}),0.0018761726078799,1.0,35.53333333333333,0.0018233722530615,inf,0.973684210526316,-490.87564297945,45.96354759658263,-206.27688238847992
"frozenset({'[*]CC(C)(C)O', '[*]OC', '[*]C([*])=O'})",frozenset({'[*]O[*]'}),0.0018761726078799,1.0,4.23015873015873,0.0014326496274054,inf,0.7650375939849624,-10.978485609042778,0.45467326029962196,682.1659126302392
"frozenset({'[*]CC(C)(C)O', '[*]OC'})","frozenset({'[*]O[*]', '[*]C([*])=O'})",0.0018761726078799,1.0,10.450980392156865,0.0016966514014974,inf,0.9060150375939848,-6.544356017250942,-4.062509469497024,3512.592393245095
"frozenset({'[*]CC(C)(C)O', '[*]O[*]', '[*]C([*])=O'})",frozenset({'[*]OC'}),0.0018761726078799,1.0,8.883333333333333,0.0016649711886063,inf,0.8890977443609023,-15.081694603368522,-1.1323225444089837,501.86763909906193
"frozenset({'[*]CC(C)(C)O', '[*]O[*]'})","frozenset({'[*]OC', '[*]C([*])=O'})",0.0018761726078799,1.0,41.0,0.0018304123003706,inf,0.9774436090225564,-6.335693899121228,10.902013641688365,770.4801446777705
"frozenset({'[*]CC([*])=O', '[*]C(C)=O'})",frozenset({'[*]O[*]'}),0.0112570356472795,1.0,4.23015873015873,0.0085958977644329,inf,0.7722960151802656,-6.713966618792113,-46.56902792942469,-225.06224505132903
"frozenset({'[*]CC([*])=O', '[*]O[*]'})",frozenset({'[*]C(C)=O'}),0.0112570356472795,1.0,14.805555555555555,0.0104967105378948,inf,0.9430740037950665,-1.2301868378250769,-39.2476784586442,-257.83512251823845
frozenset({'[*]CC([*])=O'}),"frozenset({'[*]O[*]', '[*]C(C)=O'})",0.0112570356472795,1.0,29.61111111111111,0.0108768730925871,inf,0.9772296015180264,-7.01198974993501,-60.31323536467463,-169.23652973094937
"frozenset({'[*]CC([*])C', '[*]C(=O)CCl', '[*]CC'})",frozenset({'[*]N([*])[*]'}),0.0018761726078799,1.0,21.32,0.0017881720165159,inf,0.9548872180451128,-5.878936369599131,-5.922911975698739,-201453.349582988
"frozenset({'[*]CC([*])C', '[*]N([*])[*]', '[*]C(=O)CCl'})",frozenset({'[*]OC'}),0.0018761726078799,1.0,8.883333333333333,0.0016649711886063,inf,0.8890977443609023,-22.46268954096957,31.107710405689648,89.76410957209157
"frozenset({'[*]CC([*])C', '[*]N([*])[*]'})","frozenset({'[*]CC', '[*]C(=O)CCl'})",0.0018761726078799,1.0,177.66666666666666,0.0018656125369162,inf,0.9962406015037596,-3.313360827821198,852.5917739918791,7.6087680555162756
frozenset({'[*]CC([*])O'}),frozenset({'[*]C1CC(=O)NC(=O)C1'}),0.0018761726078799,1.0,533.0,0.0018726525842253,inf,1.0000000000000002,-25.74636600377399,-196.2603500502238,-58.08155653069012
frozenset({'[*]CC=C'}),frozenset({'[*]C1([*])C(=O)NC(=O)NC1=O'}),0.0112570356472795,0.5454545454545455,19.381818181818183,0.0106762317442773,2.138086303939963,0.9683908045977012,-595.3730403687402,41.63506716075362,-200.13744377176727
frozenset({'[*]CC=O'}),frozenset({'[*]CC'}),0.0037523452157598,0.6666666666666666,2.6517412935323383,0.0023372957066271,2.2457786116322698,0.6264150943396227,-228.27516972439767,-135.01274522610026,-50.391697823715226
"frozenset({'[*]CCCC', '[*]C1([*])C(=O)NC(=O)NC1=O'})",frozenset({'[*]CC'}),0.0018761726078799,1.0,3.977611940298508,0.001404489438169,inf,0.7500000000000001,-6.948610895489127,33.51661680301497,207.37248263605997
"frozenset({'[*]CCCC', '[*]c1ccccc1'})",frozenset({'[*]N1C(=O)C([*])C(=O)N1[*]'}),0.0037523452157598,0.6666666666666666,118.44444444444444,0.0037206650028688,2.9831144465290804,0.9971698113207548,-16501.278755260406,82.69619898037078,-280.6835390955114
frozenset({'[*]CCC[*]'}),"frozenset({'[*]N[*]', '[*]OC', '[*]SC'})",0.0018761726078799,1.0,533.0,0.0018726525842253,inf,1.0000000000000002,-1.7046847327691848,742.424251837635,11.318152725566158
"frozenset({'[*]CC[*]', '[*]C(=O)C([*])C', '[*]NC'})",frozenset({'[*]SP(=O)(OC)OC'}),0.0018761726078799,1.0,533.0,0.0018726525842253,inf,1.0000000000000002,-15.19857133212385,2947.879153444255,-12.771607555918616
"frozenset({'[*]CC[*]', '[*]C(=O)C([*])C', '[*]NC'})",frozenset({'[*]S[*]'}),0.0018761726078799,1.0,59.22222222222222,0.0018444923949888,inf,0.9849624060150376,-34.63262708648801,-636.2694497542961,-41.73474131990056
"frozenset({'[*]CC[*]', '[*]NC'})","frozenset({'[*]SP(=O)(OC)OC', '[*]C(=O)C([*])C'})",0.0018761726078799,1.0,533.0,0.0018726525842253,inf,1.0000000000000002,-10.821647674257356,2028.0095336151107,-6.9209919473300685
"frozenset({'[*]CC[*]', '[*]NC'})","frozenset({'[*]SP(=O)(OC)OC', '[*]S[*]'})",0.0018761726078799,1.0,533.0,0.0018726525842253,inf,1.0000000000000002,-16.384918150026177,1632.393486535378,-12.14451695790125
"frozenset({'[*]CC[*]', '[*]NC'})","frozenset({'[*]S[*]', '[*]C(=O)C([*])C'})",0.0018761726078799,1.0,533.0,0.0018726525842253,inf,1.0000000000000002,-16.548962621961,-474.4198651623292,-31.758655137542664
"frozenset({'[*]CC[*]', '[*]S[*]', '[*]NC'})",frozenset({'[*]C(=O)C([*])C'}),0.0018761726078799,1.0,133.25,0.0018620925132616,inf,0.9943609022556392,-1.6256266649616606,-9.610252559621356,-1213.6445060383903
"frozenset({'[*]CC[*]', '[*]S[*]', '[*]NC'})",frozenset({'[*]SP(=O)(OC)OC'}),0.0018761726078799,1.0,533.0,0.0018726525842253,inf,1.0000000000000002,-14.464889446991991,-518.2212084013784,-28.988290667052453
"frozenset({'[*]CO', '[*]C([*])C#N', '[*]C1OC([*])C(O)C(O)C1O'})",frozenset({'[*]C[*]'}),0.0018761726078799,1.0,24.227272727272727,0.0017987320874796,inf,0.9605263157894738,-13.628782613971916,-0.020826457526709773,-280.10538191177324
"frozenset({'[*]CO', '[*]C([*])C#N', '[*]C1OC([*])C(O)C(O)C1O'})",frozenset({'[*]O[*]'}),0.0018761726078799,1.0,4.23015873015873,0.0014326496274054,inf,0.7650375939849624,-19.88946013526649,57.21581161938673,121.72015896499755
"frozenset({'[*]CO', '[*]C1([*])OC([*])C(O)C1O', '[*]C1OC([*])C(O)C(O)C1O'})",frozenset({'[*]O[*]'}),0.0037523452157598,1.0,4.23015873015873,0.0028652992548109,inf,0.7664783427495291,-15.598444331406322,10.037522252054169,326.8139401951815
"frozenset({'[*]C[*]', '[*]C(=O)C[*]', '[*]n1ccnc1[N+](=O)[O-]'})",frozenset({'[*]N[*]'}),0.0018761726078799,1.0,6.421686746987952,0.0015840106445515,inf,0.8458646616541354,-51.703144863844045,-31.076351720143087,61.382112732544
"frozenset({'[*]C[*]', '[*]C(N)=O'})",frozenset({'[*]N[*]'}),0.0018761726078799,1.0,6.421686746987952,0.0015840106445515,inf,0.8458646616541354,-1.6301302325726033,9.188003139254626,892.8523969713051
"frozenset({'[*]C[*]', '[*]C([*])C#N', '[*]C1OC([*])C(O)C(O)C1O'})",frozenset({'[*]CO'}),0.0018761726078799,1.0,53.3,0.0018409723713343,inf,0.9830827067669174,-35.327873657410386,128.2499887157171,6.649793231677413
"frozenset({'[*]C[*]', '[*]C([*])C#N', '[*]C1OC([*])C(O)C(O)C1O'})",frozenset({'[*]O[*]'}),0.0018761726078799,1.0,4.23015873015873,0.0014326496274054,inf,0.7650375939849624,-16.309796141677822,242.050821379556,115.22041942666598
"frozenset({'[*]C[*]', '[*]C([*])C#N', '[*]CO'})",frozenset({'[*]C1OC([*])C(O)C(O)C1O'}),0.0018761726078799,1.0,88.83333333333333,0.0018550524659525,inf,0.9906015037593986,-32.80205164688068,-60.09682087345267,-212.0229757078072
"frozenset({'[*]C[*]', '[*]C([*])C#N', '[*]CO'})",frozenset({'[*]O[*]'}),0.0018761726078799,1.0,4.23015873015873,0.0014326496274054,inf,0.7650375939849624,-22.717452543166065,0.4436917942456354,256.8714579922287
"frozenset({'[*]C[*]', '[*]C1([*])OC([*])C(O)C1O', '[*]CO'})",frozenset({'[*]O[*]'}),0.0018761726078799,1.0,4.23015873015873,0.0014326496274054,inf,0.7650375939849624,-9.822378469154732,36.00773612102731,177.17780127662186
"frozenset({'[*]C[*]', '[*]C1([*])OC([*])C(O)C1O'})","frozenset({'[*]CO', '[*]C1OC([*])C(O)C(O)C1O'})",0.0018761726078799,1.0,106.6,0.0018585724896071,inf,0.9924812030075189,-3.864537593932088,170.26691552725924,53.89382312815799
"frozenset({'[*]C[*]', '[*]C1([*])OC([*])C(O)C1O'})","frozenset({'[*]O[*]', '[*]C1OC([*])C(O)C(O)C1O'})",0.0018761726078799,1.0,88.83333333333333,0.0018550524659525,inf,0.9906015037593986,-3.622434706474219,184.87438647532775,47.56810465388383
"frozenset({'[*]C[*]', '[*]C1([*])OC([*])C(O)C1O'})","frozenset({'[*]O[*]', '[*]CO'})",0.0018761726078799,1.0,106.6,0.0018585724896071,inf,0.9924812030075189,-6.935233829682139,129.73551030623875,60.93521046168651
"frozenset({'[*]C[*]', '[*]C1OC([*])([*])C(O)C1O', '[*]C1OC([*])C(O)C(O)C1O'})",frozenset({'[*]CO'}),0.0018761726078799,1.0,53.3,0.0018409723713343,inf,0.9830827067669174,-8.85260040119252,13.197284078761108,1160.5005707301516
"frozenset({'[*]C[*]', '[*]C1OC([*])([*])C(O)C1O', '[*]C1OC([*])C(O)C(O)C1O'})",frozenset({'[*]O[*]'}),0.0018761726078799,1.0,4.23015873015873,0.0014326496274054,inf,0.7650375939849624,-15.438347791135236,13.951473301994872,229.6002818360455
"frozenset({'[*]C[*]', '[*]C1OC([*])([*])C(O)C1O', '[*]CO'})",frozenset({'[*]C1OC([*])C(O)C(O)C1O'}),0.0018761726078799,1.0,88.83333333333333,0.0018550524659525,inf,0.9906015037593986,-10.286725831289404,109.57806121156106,68.58188154309082
"frozenset({'[*]C[*]', '[*]C1OC([*])([*])C(O)C1O', '[*]CO'})",frozenset({'[*]O[*]'}),0.0018761726078799,1.0,4.23015873015873,0.0014326496274054,inf,0.7650375939849624,-9.822378469154732,36.00773612102731,177.17780127662186
"frozenset({'[*]C[*]', '[*]C1OC([*])([*])C(O)C1O', '[*]O[*]'})",frozenset({'[*]C1OC([*])C(O)C(O)C1O'}),0.0018761726078799,1.0,88.83333333333333,0.0018550524659525,inf,0.9906015037593986,-17.628064667724495,62.864696342349646,69.20053781297896
"frozenset({'[*]C[*]', '[*]C1OC([*])([*])C(O)C1O', '[*]O[*]'})",frozenset({'[*]CO'}),0.0018761726078799,1.0,53.3,0.0018409723713343,inf,0.9830827067669174,-18.183480854031917,40.209019916035714,124.33844614563466
"frozenset({'[*]C[*]', '[*]C1OC([*])([*])C(O)C1O'})","frozenset({'[*]C1OC([*])C(O)C(O)C1O', '[*]CO'})",0.0018761726078799,1.0,106.6,0.0018585724896071,inf,0.9924812030075189,-3.864537593932088,170.26691552725924,53.89382312815799
"frozenset({'[*]C[*]', '[*]C1OC([*])([*])C(O)C1O'})","frozenset({'[*]O[*]', '[*]C1OC([*])C(O)C(O)C1O'})",0.0018761726078799,1.0,88.83333333333333,0.0018550524659525,inf,0.9906015037593986,-3.622434706474219,184.87438647532775,47.56810465388383
"frozenset({'[*]C[*]', '[*]C1OC([*])([*])C(O)C1O'})","frozenset({'[*]O[*]', '[*]CO'})",0.0018761726078799,1.0,106.6,0.0018585724896071,inf,0.9924812030075189,-6.935233829682139,129.73551030623875,60.93521046168651
"frozenset({'[*]C[*]', '[*]C1OC([*])C(O)C(O)C1O', '[*]C1([*])OC([*])C(O)C1O'})",frozenset({'[*]CO'}),0.0018761726078799,1.0,53.3,0.0018409723713343,inf,0.9830827067669174,-8.85260040119252,13.197284078761108,1160.5005707301516
"frozenset({'[*]C[*]', '[*]C1OC([*])C(O)C(O)C1O', '[*]C1([*])OC([*])C(O)C1O'})",frozenset({'[*]O[*]'}),0.0018761726078799,1.0,4.23015873015873,0.0014326496274054,inf,0.7650375939849624,-15.438347791135236,13.951473301994872,229.6002818360455
"frozenset({'[*]C[*]', '[*]C1OC([*])C(O)C(O)C1O', '[*]CO'})",frozenset({'[*]O[*]'}),0.0037523452157598,1.0,4.23015873015873,0.0028652992548109,inf,0.7664783427495291,-224.2799662721325,17.134130997160337,70.11688056809382
"frozenset({'[*]C[*]', '[*]C1OC([*])C(O)C(O)C1O'})","frozenset({'[*]O[*]', '[*]CO'})",0.0037523452157598,0.6666666666666666,71.06666666666666,0.0036995448609414,2.971857410881801,0.9915094339622642,-130.15701174519896,-16.197966385782543,-226.86967633777053
"frozenset({'[*]C[*]', '[*]CO', '[*]C1([*])OC([*])C(O)C1O'})",frozenset({'[*]C1OC([*])C(O)C(O)C1O'}),0.0018761726078799,1.0,88.83333333333333,0.0018550524659525,inf,0.9906015037593986,-10.286732551802649,109.57805355429197,68.5818609755681
"frozenset({'[*]C[*]', '[*]CO'})","frozenset({'[*]O[*]', '[*]C1OC([*])C(O)C(O)C1O'})",0.0037523452157598,1.0,88.83333333333333,0.0037101049319051,inf,0.992467043314501,-333.29106917864135,280.2407642505669,-4.0195857940644775
"frozenset({'[*]C[*]', '[*]O[*]', '[*]C1([*])OC([*])C(O)C1O'})",frozenset({'[*]C1OC([*])C(O)C(O)C1O'}),0.0018761726078799,1.0,88.83333333333333,0.0018550524659525,inf,0.9906015037593986,-17.628064667724495,62.864696342349646,69.20053781297896
"frozenset({'[*]C[*]', '[*]O[*]', '[*]C1([*])OC([*])C(O)C1O'})",frozenset({'[*]CO'}),0.0018761726078799,1.0,53.3,0.0018409723713343,inf,0.9830827067669174,-18.183480854031917,40.209019916035714,124.33844614563466
"frozenset({'[*]C[*]', '[*]O[*]', '[*]C1OC([*])C(O)C(O)C1O'})",frozenset({'[*]CO'}),0.0037523452157598,0.6666666666666666,35.53333333333333,0.003646744506123,2.943714821763602,0.977358490566038,-71.04542974522828,2.923164450342193,422.81065192443907
"frozenset({'[*]C[*]', '[*]O[*]', '[*]CO'})",frozenset({'[*]C1OC([*])C(O)C(O)C1O'}),0.0037523452157598,1.0,88.83333333333333,0.0037101049319051,inf,0.992467043314501,-120.60207357364573,422.86102331243904,-12.782047517897327
"frozenset({'[*]C[*]', '[*]c1ccccc1', '[*]C1OC([*])C(O)C(O)C1O'})",frozenset({'[*]CO'}),0.0018761726078799,1.0,53.3,0.0018409723713343,inf,0.9830827067669174,-1.2407872133449775,14.821499005578382,613.3581374029908
"frozenset({'[*]C[*]', '[*]c1ccccc1', '[*]C1OC([*])C(O)C(O)C1O'})",frozenset({'[*]O[*]'}),0.0018761726078799,1.0,4.23015873015873,0.0014326496274054,inf,0.7650375939849624,-1.5822408419913547,12.413628526823302,690.4830437387639
"frozenset({'[*]C[*]', '[*]c1ccccc1', '[*]CO'})",frozenset({'[*]O[*]'}),0.0018761726078799,1.0,4.23015873015873,0.0014326496274054,inf,0.7650375939849624,-1.4272375537794308,13.932577001634156,647.286976620797
"frozenset({'[*]C[*]', '[*]n1ccnc1[N+](=O)[O-]', '[*]N[*]'})",frozenset({'[*]C(=O)C[*]'}),0.0018761726078799,1.0,38.07142857142857,0.001826892276716,inf,0.9755639097744362,-35.20148914018071,-60.37832197954363,-201.97572307342585
"frozenset({'[*]C[*]', '[*]n1ccnc1[N+](=O)[O-]'})","frozenset({'[*]C(=O)C[*]', '[*]N[*]'})",0.0018761726078799,1.0,266.5,0.0018691325605708,inf,0.99812030075188,-45.32168935710688,-59.43761864691574,-257.1191270872022
"frozenset({'[*]N(C)C', '[*]C([*])=O'})",frozenset({'[*]N[*]'}),0.024390243902439,0.6842105263157895,4.3937856689917565,0.0188391665991995,2.673545966228893,0.8009577970667466,-81.73623314814056,-121.46022902897971,-90.67568467412191
"frozenset({'[*]N(C)C', '[*]OC', '[*]C([*])=O'})",frozenset({'[*]N[*]'}),0.0037523452157598,1.0,6.421686746987952,0.003168021289103,inf,0.847457627118644,-7.7568367080151805,323.1368957861107,167.37185077751408
"frozenset({'[*]N(C)C', '[*]OC'})","frozenset({'[*]N[*]', '[*]C([*])=O'})",0.0037523452157598,1.0,14.026315789473683,0.0034848234180133,inf,0.9322033898305084,-5.758811661573404,-337.4866825357241,-32.53196628386974
"frozenset({'[*]N(C)C', '[*]O[*]', '[*]NC'})",frozenset({'[*]C([*])=O'}),0.0018761726078799,1.0,6.056818181818182,0.0015664105262787,inf,0.8364661654135339,-266.7662583291156,-167.18024617754253,12.499718048812994
"frozenset({'[*]N(C)C', '[*]O[*]', '[*]n1nc(C)cc1[*]'})",frozenset({'[*]C([*])=O'}),0.0018761726078799,1.0,6.056818181818182,0.0015664105262787,inf,0.8364661654135339,-54.74846319965523,-34.42767278419138,46.02033274416224
"frozenset({'[*]N(C)C', '[*]n1c(=O)c([*])c(C)n1C'})",frozenset({'[*]c1ccccc1'}),0.0018761726078799,1.0,4.981308411214953,0.0014995300768421,inf,0.8007518796992482,-293.4276711262316,-179.06392416084407,33.72376409773962
"frozenset({'[*]N(C)C', '[*]n1nc(C)cc1[*]', '[*]C([*])=O'})",frozenset({'[*]O[*]'}),0.0018761726078799,1.0,4.23015873015873,0.0014326496274054,inf,0.7650375939849624,-53.5137777373337,35.819380087506666,-29.32378028430374
"frozenset({'[*]N(C)C', '[*]n1nc(C)cc1[*]'})","frozenset({'[*]O[*]', '[*]C([*])=O'})",0.0018761726078799,1.0,10.450980392156865,0.0016966514014974,inf,0.9060150375939848,-60.724853956959656,24.20287648156851,-42.56191602447061
frozenset({'[*]N(C)C'}),frozenset({'[*]C([*])=O'}),0.0356472795497185,0.6785714285714285,4.109983766233766,0.0269739412648853,2.597456743798207,0.7986451276706618,-18.859279529277757,29.693309354114323,116.74248074595954
frozenset({'[*]N([*])COC'}),"frozenset({'[*]CC', '[*]C(=O)CCl'})",0.0018761726078799,1.0,177.66666666666666,0.0018656125369162,inf,0.9962406015037596,-9.810160326886091,-746.3819306627109,-20.853493112438496
"frozenset({'[*]N([*])[*]', '[*]C(=O)C([*])Cl', '[*]CC[*]'})",frozenset({'[*]CC'}),0.0018761726078799,1.0,3.977611940298508,0.001404489438169,inf,0.7500000000000001,-0.3149617025207051,40.21926499179788,244.8385214343104
"frozenset({'[*]N([*])[*]', '[*]CC[*]'})","frozenset({'[*]CC', '[*]C(=O)C([*])Cl'})",0.0018761726078799,1.0,533.0,0.0018726525842253,inf,1.0000000000000002,-3.563494308006718,586.6702515779136,12.192974539979728
"frozenset({'[*]N([*])[*]', '[*]OC', '[*]C(=O)C([*])C'})",frozenset({'[*]C(=O)C[*]'}),0.0018761726078799,1.0,38.07142857142857,0.001826892276716,inf,0.9755639097744362,-253.42173257007715,-241.4040019671103,1705.2033025919925
"frozenset({'[*]N([*])[*]', '[*]S[*]'})","frozenset({'[*]C(=O)C[*]', '[*]CC'})",0.0018761726078799,1.0,177.66666666666666,0.0018656125369162,inf,0.9962406015037596,-2.73188587955196,57.283993696747245,154.91115945015218
frozenset({'[*]N1C(=O)C([*])C(=O)N1[*]'}),"frozenset({'[*]CCCC', '[*]c1ccccc1'})",0.0037523452157598,0.6666666666666666,118.44444444444444,0.0037206650028688,2.9831144465290804,0.9971698113207548,-16501.278755260406,-280.6835390955114,82.69619898037078
frozenset({'[*]N1C(=O)C([*])C(=O)N1[*]'}),frozenset({'[*]CCCC'}),0.0037523452157598,0.6666666666666666,16.151515151515152,0.0035200236545589,2.876172607879925,0.9433962264150944,-44.62180392120537,-70.20564061969647,-164.49219854119207
frozenset({'[*]N1C(=O)C([*])C(=O)N1[*]'}),frozenset({'[*]c1ccccc1'}),0.0056285178236397,1.0,4.981308411214953,0.0044985902305263,inf,0.8037735849056604,-35.567383254358006,-84.61812781819017,-120.20548890611121
frozenset({'[*]N1C(=O)N(C)CC1O'}),frozenset({'[*]c1nnc([*])s1'}),0.0018761726078799,1.0,533.0,0.0018726525842253,inf,1.0000000000000002,-37.82861923182655,-227.8826800971971,-58.16641453607566
frozenset({'[*]N1CC(=O)N([*])C1=O'}),"frozenset({'[*]C(C)C', '[*]N[*]', '[*]C([*])=O'})",0.0018761726078799,1.0,177.66666666666666,0.0018656125369162,inf,0.9962406015037596,-0.0708543533714275,273.8331297382369,36.38657134922551
"frozenset({'[*]N1CCNC1=O', '[*]C([*])=O'})",frozenset({'[*]N[*]'}),0.0018761726078799,1.0,6.421686746987952,0.0015840106445515,inf,0.8458646616541354,-12.173782190790211,26.384203840907684,187.87412820395036
"frozenset({'[*]N1CCNC1=O', '[*]N[*]'})",frozenset({'[*]C([*])=O'}),0.0018761726078799,1.0,6.056818181818182,0.0015664105262787,inf,0.8364661654135339,-15.9929604906776,10.77252701353719,247.67429705542727
frozenset({'[*]NC'}),"frozenset({'[*]O[*]', '[*]C([*])=O'})",0.0206378986866791,0.6470588235294118,6.76239907727797,0.0175860381781765,2.562226391494684,0.8801973220577872,-56.150602559488306,4.361715305609888,-23.74985524995519
"frozenset({'[*]N[*]', '[*]C(=O)C([*])C'})","frozenset({'[*]O[*]', '[*]C([*])=O'})",0.0018761726078799,1.0,10.450980392156865,0.0016966514014974,inf,0.9060150375939848,-32.66873422628279,66.04005803516252,15.40160786154577
"frozenset({'[*]N[*]', '[*]C(CO)C([*])O'})",frozenset({'[*]C(=O)C(Cl)Cl'}),0.0037523452157598,1.0,266.5,0.0037382651211416,inf,1.0,-276.68844999787905,-70.74529489123617,-125.09900607347636
"frozenset({'[*]N[*]', '[*]C([*])=O', '[*]C(=O)C([*])C'})",frozenset({'[*]O[*]'}),0.0018761726078799,1.0,4.23015873015873,0.0014326496274054,inf,0.7650375939849624,-18.85567188262814,48.691174984536886,82.19086246875928
"frozenset({'[*]N[*]', '[*]N(C)C'})",frozenset({'[*]C([*])=O'}),0.024390243902439,1.0,6.056818181818182,0.0203633368416235,inf,0.8557692307692307,-68.76896966595123,-54.563970441420935,-74.86806957741362
"frozenset({'[*]N[*]', '[*]N1CC(=O)N([*])C1=O'})","frozenset({'[*]C(C)C', '[*]C([*])=O'})",0.0018761726078799,1.0,66.625,0.0018480124186434,inf,0.986842105263158,-1.8911038541972085,120.14787080756138,76.9800561963146
"frozenset({'[*]N[*]', '[*]OC', '[*]N(C)C'})",frozenset({'[*]C([*])=O'}),0.0037523452157598,1.0,6.056818181818182,0.0031328210525574,inf,0.8380414312617702,-11.446756968266392,-35.54699087340619,-366.84563608136307
"frozenset({'[*]N[*]', '[*]OC', '[*]SC'})",frozenset({'[*]CCC[*]'}),0.0018761726078799,1.0,533.0,0.0018726525842253,inf,1.0000000000000002,-1.7046847327691848,11.318152725566158,742.424251837635
"frozenset({'[*]N[*]', '[*]O[*]', '[*]C(=O)C([*])C'})",frozenset({'[*]C([*])=O'}),0.0018761726078799,1.0,6.056818181818182,0.0015664105262787,inf,0.8364661654135339,-24.848020767028494,-0.2899726706158203,208.61059473588682
"frozenset({'[*]N[*]', '[*]O[*]', '[*]N(C)C'})",frozenset({'[*]C([*])=O'}),0.0056285178236397,1.0,6.056818181818182,0.0046992315788362,inf,0.8396226415094341,-18.870935501591518,-25.02416562009605,-1096.3951053042572
"frozenset({'[*]N[*]', '[*]O[*]', '[*]OC'})",frozenset({'[*]C([*])=O'}),0.0037523452157598,1.0,6.056818181818182,0.0031328210525574,inf,0.8380414312617702,-30.625383491076523,-36.4818279330391,650.8413701883388
"frozenset({'[*]N[*]', '[*]SC', '[*]CCC[*]'})",frozenset({'[*]OC'}),0.0018761726078799,1.0,8.883333333333333,0.0016649711886063,inf,0.8890977443609023,-10.718005997827499,-11.782026011164952,-7526.319703058623
"frozenset({'[*]OC', '[*]CCC[*]'})","frozenset({'[*]C(C)C', '[*]N[*]'})",0.0018761726078799,1.0,44.41666666666666,0.0018339323240252,inf,0.9793233082706768,-9.16593593779416,1841.06752785098,-4.7065921006324025
"frozenset({'[*]OC', '[*]CCC[*]'})","frozenset({'[*]N[*]', '[*]SC'})",0.0018761726078799,1.0,133.25,0.0018620925132616,inf,0.9943609022556392,-16.92000860800141,912.736440686168,-9.495454112698283
"frozenset({'[*]OP(=O)(OC)OC', '[*]C(=O)C([*])Cl'})","frozenset({'[*]CC', '[*]CC[*]'})",0.0018761726078799,1.0,88.83333333333333,0.0018550524659525,inf,0.9906015037593986,-5.413512508271691,-17.251510968991823,-761.1665771592977
"frozenset({'[*]OS(C)(=O)=O', '[*]O[*]'})",frozenset({'[*]CC'}),0.0018761726078799,1.0,3.977611940298508,0.001404489438169,inf,0.7500000000000001,-38.02194316106343,-72.47319964292991,-149.52091074015073
"frozenset({'[*]O[*]', '[*]C([*])=O', '[*]C(=O)C([*])C'})",frozenset({'[*]N[*]'}),0.0018761726078799,1.0,6.421686746987952,0.0015840106445515,inf,0.8458646616541354,-15.727078633129421,16.63635776972598,243.74184870822177
"frozenset({'[*]O[*]', '[*]C([*])C#N', '[*]C1OC([*])C(O)C(O)C1O'})",frozenset({'[*]CO'}),0.0018761726078799,1.0,53.3,0.0018409723713343,inf,0.9830827067669174,-27.739205611967144,3.4622494901783423,23.99215716699588
"frozenset({'[*]O[*]', '[*]C([*])C#N', '[*]C1OC([*])C(O)C(O)C1O'})",frozenset({'[*]C[*]'}),0.0018761726078799,1.0,24.227272727272727,0.0017987320874796,inf,0.9605263157894738,-10.588976441014278,-2.9448442105383488,2076.411648513563
"frozenset({'[*]O[*]', '[*]C([*])C#N', '[*]CO'})",frozenset({'[*]C1OC([*])C(O)C(O)C1O'}),0.0018761726078799,1.0,88.83333333333333,0.0018550524659525,inf,0.9906015037593986,-24.110431851296415,-46.41982866761809,-297.7057009542018
"frozenset({'[*]O[*]', '[*]C([*])C#N', '[*]CO'})",frozenset({'[*]C[*]'}),0.0018761726078799,1.0,24.227272727272727,0.0017987320874796,inf,0.9605263157894738,-24.719281630105495,-23.173513553393335,470.9671821349134
"frozenset({'[*]O[*]', '[*]C1([*])OC([*])C(O)C1O', '[*]C1OC([*])C(O)C(O)C1O'})",frozenset({'[*]CO'}),0.0037523452157598,1.0,53.3,0.0036819447426686,inf,0.9849340866290018,-12.223410514502392,10.887656689125347,806.2480483666201
"frozenset({'[*]O[*]', '[*]C1([*])OC([*])C(O)C1O', '[*]CO'})",frozenset({'[*]C1OC([*])C(O)C(O)C1O'}),0.0037523452157598,1.0,88.83333333333333,0.0037101049319051,inf,0.992467043314501,-15.098063047406796,71.15958514366453,82.82856866193185
"frozenset({'[*]O[*]', '[*]C1([*])OC([*])C(O)C1O'})","frozenset({'[*]C1OC([*])C(O)C(O)C1O', '[*]CO'})",0.0037523452157598,1.0,106.6,0.0037171449792142,inf,0.9943502824858756,-18.4334606434466,79.15638220449432,62.98342600508
"frozenset({'[*]O[*]', '[*]C1OC([*])C(O)C(O)C1O'})",frozenset({'[*]CO'}),0.0093808630393996,0.8333333333333334,44.41666666666666,0.009169661620126,5.887429643527206,0.9886148007590132,-12.677569327834425,13.505311120722023,557.7175256436328
"frozenset({'[*]O[*]', '[*]C1OCCO1', '[*]C([*])=O'})",frozenset({'[*]NC'}),0.0018761726078799,1.0,31.35294117647059,0.0018163322057524,inf,0.9699248120300752,-52.0302185060365,-6.200543426585552,-1.8203941381048825
"frozenset({'[*]O[*]', '[*]C1OCCO1', '[*]NC'})",frozenset({'[*]C([*])=O'}),0.0018761726078799,1.0,6.056818181818182,0.0015664105262787,inf,0.8364661654135339,-59.26718101022269,-39.06090505383073,22.844067318498283
"frozenset({'[*]O[*]', '[*]C1OCCO1'})","frozenset({'[*]C([*])=O', '[*]NC'})",0.0018761726078799,1.0,41.0,0.0018304123003706,inf,0.9774436090225564,-49.75050563497431,19.706393281684328,-13.396857209487996
"frozenset({'[*]O[*]', '[*]CO'})",frozenset({'[*]C1OC([*])C(O)C(O)C1O'}),0.0093808630393996,1.0,88.83333333333333,0.0092752623297628,inf,0.9981060606060608,-18.244054210931598,228.04925542176932,26.605164474289857
"frozenset({'[*]O[*]', '[*]NC'})",frozenset({'[*]C([*])=O'}),0.0206378986866791,1.0,6.056818181818182,0.0172305157890661,inf,0.8524904214559388,-56.348774011070795,-55.34404083694776,2864.782710114239
"frozenset({'[*]O[*]', '[*]n1nc(C)cc1[*]'})","frozenset({'[*]N(C)C', '[*]C([*])=O'})",0.0018761726078799,1.0,28.05263157894737,0.0018092921584433,inf,0.9661654135338348,-37.96924882117624,-64.25088349360637,-184.37620332639068
"frozenset({'[*]S(=O)(=O)C(F)(F)F', '[*]C(C)=O'})",frozenset({'[*]N[*]'}),0.0018761726078799,1.0,6.421686746987952,0.0015840106445515,inf,0.8458646616541354,-56.8262098271244,-57.082995871220696,4624.144637196964
"frozenset({'[*]SP(=O)(OC)OC', '[*]C(=O)C([*])C', '[*]CC[*]'})",frozenset({'[*]NC'}),0.0018761726078799,1.0,31.35294117647059,0.0018163322057524,inf,0.9699248120300752,-0.46289098760964,25.628553161504986,379.26450217321246
"frozenset({'[*]SP(=O)(OC)OC', '[*]C(=O)C([*])C', '[*]NC'})",frozenset({'[*]CC[*]'}),0.0018761726078799,1.0,41.0,0.0018304123003706,inf,0.9774436090225564,-7.701202203187261,-13.756313031668046,-1414.6231093409856
"frozenset({'[*]SP(=O)(OC)OC', '[*]C(=O)C([*])C'})","frozenset({'[*]CC[*]', '[*]NC'})",0.0018761726078799,1.0,533.0,0.0018726525842253,inf,1.0000000000000002,-10.821647674257356,-6.9209919473300685,2028.0095336151107
"frozenset({'[*]SP(=O)(OC)OC', '[*]C(=O)C([*])C'})","frozenset({'[*]S[*]', '[*]CC[*]'})",0.0018761726078799,1.0,177.66666666666666,0.0018656125369162,inf,0.9962406015037596,-35.522330912959355,-51.130885639367015,-301.8743336300451
"frozenset({'[*]SP(=O)(OC)OC', '[*]CC[*]', '[*]NC'})",frozenset({'[*]C(=O)C([*])C'}),0.0018761726078799,1.0,133.25,0.0018620925132616,inf,0.9943609022556392,-0.6223780295730574,0.9628395913420416,6229.381388138532
"frozenset({'[*]SP(=O)(OC)OC', '[*]CC[*]'})","frozenset({'[*]C(=O)C([*])C', '[*]NC'})",0.0018761726078799,1.0,533.0,0.0018726525842253,inf,1.0000000000000002,-17.006533561125732,1.479335586751785,355.5978279888096
"frozenset({'[*]SP(=O)(OC)OC', '[*]CC[*]'})","frozenset({'[*]S[*]', '[*]C(=O)C([*])C'})",0.0018761726078799,1.0,533.0,0.0018726525842253,inf,1.0000000000000002,-27.840062428279754,-46.72047586472134,-303.6315120108554
"frozenset({'[*]SP(=O)(OC)OC', '[*]CC[*]'})","frozenset({'[*]S[*]', '[*]NC'})",0.0018761726078799,1.0,266.5,0.0018691325605708,inf,0.99812030075188,-3.41996955774695,-17.386750821141778,-671.2690683814866
"frozenset({'[*]SP(=O)(OC)OC', '[*]NC'})","frozenset({'[*]C(=O)C([*])C', '[*]CC[*]'})",0.0018761726078799,1.0,533.0,0.0018726525842253,inf,1.0000000000000002,-9.599473783622017,-16.41746069179899,-1208.231159391124
"frozenset({'[*]SP(=O)(OC)OC', '[*]NC'})","frozenset({'[*]S[*]', '[*]CC[*]'})",0.0018761726078799,1.0,177.66666666666666,0.0018656125369162,inf,0.9962406015037596,-13.05672270060952,-31.956342109411327,-413.0189285024004
"frozenset({'[*]SP(=O)(OC)OC', '[*]S[*]', '[*]C(=O)C([*])C'})",frozenset({'[*]CC[*]'}),0.0018761726078799,1.0,41.0,0.0018304123003706,inf,0.9774436090225564,-24.795196481969125,-32.184301449913896,-790.214350320128
"frozenset({'[*]SP(=O)(OC)OC', '[*]S[*]', '[*]CC[*]'})",frozenset({'[*]C(=O)C([*])C'}),0.0018761726078799,1.0,133.25,0.0018620925132616,inf,0.9943609022556392,-31.57618785453457,-30.137700139333973,3223.1044180657377
"frozenset({'[*]SP(=O)(OC)OC', '[*]S[*]', '[*]NC'})",frozenset({'[*]CC[*]'}),0.0018761726078799,1.0,41.0,0.0018304123003706,inf,0.9774436090225564,-11.438098760920138,-18.20659558271849,-1170.2198131618188
"frozenset({'[*]SP(=O)(OC)OC', '[*]S[*]'})","frozenset({'[*]C(=O)C([*])C', '[*]CC[*]'})",0.0018761726078799,1.0,533.0,0.0018726525842253,inf,1.0000000000000002,-37.22681058608596,-43.33961674104663,-681.8527334934164
"frozenset({'[*]SP(=O)(OC)OC', '[*]S[*]'})","frozenset({'[*]C(=O)C([*])C', '[*]NC'})",0.0018761726078799,1.0,533.0,0.0018726525842253,inf,1.0000000000000002,-4.764207882924041,17.79455810023382,397.2904127881873
"frozenset({'[*]SP(=O)(OC)OC', '[*]S[*]'})","frozenset({'[*]CC[*]', '[*]NC'})",0.0018761726078799,1.0,533.0,0.0018726525842253,inf,1.0000000000000002,-16.384918150026177,-12.14451695790125,1632.393486535378
frozenset({'[*]SP(=O)(OC)OC'}),"frozenset({'[*]C(=O)C([*])C', '[*]S[*]', '[*]CC[*]'})",0.0018761726078799,1.0,533.0,0.0018726525842253,inf,1.0000000000000002,-40.44961495750872,-54.20262446896896,-298.30214939761913
frozenset({'[*]SP(=O)(OC)OC'}),"frozenset({'[*]CC[*]', '[*]C(=O)C([*])C', '[*]NC'})",0.0018761726078799,1.0,533.0,0.0018726525842253,inf,1.0000000000000002,-15.19857133212385,-12.771607555918616,2947.879153444255
frozenset({'[*]SP(=O)(OC)OC'}),"frozenset({'[*]CC[*]', '[*]S[*]', '[*]NC'})",0.0018761726078799,1.0,533.0,0.0018726525842253,inf,1.0000000000000002,-14.464889446991991,-28.988290667052453,-518.2212084013784
"frozenset({'[*]S[*]', '[*]C(=O)C([*])C'})","frozenset({'[*]CC[*]', '[*]NC'})",0.0018761726078799,1.0,533.0,0.0018726525842253,inf,1.0000000000000002,-16.548962621961,-31.758655137542664,-474.4198651623292
"frozenset({'[*]S[*]', '[*]C(=O)C([*])C'})","frozenset({'[*]SP(=O)(OC)OC', '[*]CC[*]'})",0.0018761726078799,1.0,533.0,0.0018726525842253,inf,1.0000000000000002,-27.840062428279754,-303.6315120108554,-46.72047586472134
frozenset({'[*]c1cc(C)on1'}),frozenset({'[*]C(=O)NNC[*]'}),0.0018761726078799,1.0,533.0,0.0018726525842253,inf,1.0000000000000002,-46.81469060126207,-37.82127958423128,267.71303758583247
"frozenset({'[*]c1ccc(Br)cc1', '[*]C([*])CC([*])O', '[*]c1ccc([*])cc1'})",frozenset({'[*]c1c(O)c2ccccc2oc1=O'}),0.0018761726078799,1.0,177.66666666666666,0.0018656125369162,inf,0.9962406015037596,-16586.45019559583,294.1161014137465,-484.9145439149861
"frozenset({'[*]c1ccc(Br)cc1', '[*]c1ccc([*])cc1'})","frozenset({'[*]C([*])CC([*])O', '[*]c1c(O)c2ccccc2oc1=O'})",0.0018761726078799,1.0,533.0,0.0018726525842253,inf,1.0000000000000002,-1517.6855581454492,284.1742949476468,-402.264545615496
"frozenset({'[*]c1ccc(Br)cc1', '[*]c1ccccc1', '[*]C([*])CC([*])O'})",frozenset({'[*]c1c(O)c2ccccc2oc1=O'}),0.0018761726078799,1.0,177.66666666666666,0.0018656125369162,inf,0.9962406015037596,-3212.132464321255,281.4321117604027,-439.7868372238773
"frozenset({'[*]c1ccccc1', '[*]C([*])CC([*])O', '[*]c1c(O)c2ccccc2oc1=O'})",frozenset({'[*]c1ccc(Br)cc1'}),0.0018761726078799,1.0,177.66666666666666,0.0018656125369162,inf,0.9962406015037596,-6099.735932533933,-467.6857725771048,291.68996705620003
"frozenset({'[*]c1ccccc1', '[*]C([*])CC([*])O', '[*]c1c(O)c2ccccc2oc1=O'})",frozenset({'[*]c1ccc([*])cc1'}),0.0018761726078799,1.0,33.3125,0.0018198522294069,inf,0.9718045112781956,-829.7885874684106,-288.8923640060468,154.857559605671
"frozenset({'[*]c1ccccc1', '[*]C([*])CC([*])O', '[*]c1ccc([*])cc1'})",frozenset({'[*]c1c(O)c2ccccc2oc1=O'}),0.0018761726078799,1.0,177.66666666666666,0.0018656125369162,inf,0.9962406015037596,-629.7194220037156,160.35527770998888,-274.55975653204416
"frozenset({'[*]c1ccccc1', '[*]C([*])[*]'})",frozenset({'[*]C1C2C=C(C([*])([*])O)C1C1C(=O)NC(=O)C21'}),0.0018761726078799,1.0,533.0,0.0018726525842253,inf,1.0000000000000002,-231.35970681126818,112.0015682376901,-180.83675731874766
"frozenset({'[*]c1ccccc1', '[*]C([*])[*]'})","frozenset({'[*]c1ccccn1', '[*]C1C2C=C(C([*])([*])O)C1C1C(=O)NC(=O)C21'})",0.0018761726078799,1.0,533.0,0.0018726525842253,inf,1.0000000000000002,-1375.591808224201,473.20362283628566,-490.9172168975139
"frozenset({'[*]c1ccccc1', '[*]C1C2C=C(C([*])([*])O)C1C1C(=O)NC(=O)C21'})",frozenset({'[*]C([*])[*]'}),0.0018761726078799,1.0,533.0,0.0018726525842253,inf,1.0000000000000002,-0.3105516701881793,0.8521437710377654,8547.057706541655
"frozenset({'[*]c1ccccc1', '[*]C1OC([*])C(O)C(O)C1O', '[*]CO'})",frozenset({'[*]O[*]'}),0.0018761726078799,1.0,4.23015873015873,0.0014326496274054,inf,0.7650375939849624,-5.532385555514189,9.496263103999649,588.8881467891995
"frozenset({'[*]c1ccccc1', '[*]C1OC([*])C(O)C(O)C1O'})","frozenset({'[*]C[*]', '[*]CO'})",0.0018761726078799,1.0,266.5,0.0018691325605708,inf,0.99812030075188,-1.2152284200564492,15.884465416049817,585.2172376510122
"frozenset({'[*]c1ccccc1', '[*]C1OC([*])C(O)C(O)C1O'})","frozenset({'[*]C[*]', '[*]O[*]'})",0.0018761726078799,1.0,53.3,0.0018409723713343,inf,0.9830827067669174,-0.9721561229558914,14.878693199417972,625.0379882179042
"frozenset({'[*]c1ccccc1', '[*]C1OC([*])C(O)C(O)C1O'})","frozenset({'[*]O[*]', '[*]CO'})",0.0018761726078799,1.0,106.6,0.0018585724896071,inf,0.9924812030075189,-0.9721490730504442,14.878698983110349,625.0381083843071
"frozenset({'[*]c1ccccc1', '[*]O[*]', '[*]C1OC([*])C(O)C(O)C1O'})",frozenset({'[*]CO'}),0.0018761726078799,1.0,53.3,0.0018409723713343,inf,0.9830827067669174,-0.9721490730504442,14.878698983110349,625.0381083843071
"frozenset({'[*]c1ccccc1', '[*]c1ccccn1', '[*]C([*])[*]'})",frozenset({'[*]C1C2C=C(C([*])([*])O)C1C1C(=O)NC(=O)C21'}),0.0018761726078799,1.0,533.0,0.0018726525842253,inf,1.0000000000000002,-567.1307144656287,396.6788853277173,-340.1983073475011
"frozenset({'[*]c1ccccc1', '[*]c1ccccn1'})","frozenset({'[*]C([*])[*]', '[*]C1C2C=C(C([*])([*])O)C1C1C(=O)NC(=O)C21'})",0.0018761726078799,1.0,533.0,0.0018726525842253,inf,1.0000000000000002,-650.1443257393578,409.37484577430627,-360.2603750411396
"frozenset({'[*]c1ccccc1', '[*]c1ccccn1'})",frozenset({'[*]C1C2C=C(C([*])([*])O)C1C1C(=O)NC(=O)C21'}),0.0018761726078799,1.0,533.0,0.0018726525842253,inf,1.0000000000000002,-471.2865589032272,315.41080279320664,-295.6293414091549
"frozenset({'[*]c1ccccc1[*]', '[*]C([*])=O'})",frozenset({'[*]O[*]'}),0.024390243902439,0.9285714285714284,3.928004535147392,0.018180922175797,10.6904315196998,0.7655254187046094,-35.30906203216332,-50.73214484995046,-391.504749763466
"frozenset({'[*]c1ccccc1[*]', '[*]O[*]'})",frozenset({'[*]C([*])=O'}),0.024390243902439,0.8666666666666667,5.249242424242425,0.0197438126784212,6.261726078799251,0.832937332937333,-42.1228199299188,-55.62616537896417,-293.7191794452854
frozenset({'[*]c1ccccc1[*]'}),"frozenset({'[*]O[*]', '[*]C([*])=O'})",0.024390243902439,0.7647058823529412,7.991926182237601,0.0213383833939364,3.8433395872420273,0.9036970781156828,-40.55476933804243,-63.4644307630509,-203.86653208686164
"frozenset({'[*]c1ccccn1', '[*]C([*])[*]'})",frozenset({'[*]c1ccccc1'}),0.0018761726078799,1.0,4.981308411214953,0.0014995300768421,inf,0.8007518796992482,-0.9778975510765312,426.1644491520139,21.97786145780694
"frozenset({'[*]c1ccccn1', '[*]C1C2C=C(C([*])([*])O)C1C1C(=O)NC(=O)C21'})",frozenset({'[*]C([*])[*]'}),0.0018761726078799,1.0,533.0,0.0018726525842253,inf,1.0000000000000002,-74.4946669818097,-67.55906970764752,-1026.123594970027
"frozenset({'[*]c1ccccn1', '[*]C1C2C=C(C([*])([*])O)C1C1C(=O)NC(=O)C21'})","frozenset({'[*]c1ccccc1', '[*]C([*])[*]'})",0.0018761726078799,1.0,533.0,0.0018726525842253,inf,1.0000000000000002,-1375.591808224201,-490.9172168975139,473.20362283628566
"frozenset({'[*]c1ccccn1', '[*]C1C2C=C(C([*])([*])O)C1C1C(=O)NC(=O)C21'})",frozenset({'[*]c1ccccc1'}),0.0018761726078799,1.0,4.981308411214953,0.0014995300768421,inf,0.8007518796992482,-1129.1385676567745,-404.2853109617355,340.96835584015315
frozenset({'[*]c1cnccn1'}),frozenset({'[*]C(N)=O'}),0.0018761726078799,1.0,48.45454545454545,0.0018374523476797,inf,0.9812030075187972,-3.839584876908457,113.93656095501484,74.67228500412254
"frozenset({'[*]c1cncnc1', '[*]OC'})","frozenset({'[*]C([*])([*])O', '[*]C1CC1'})",0.0018761726078799,1.0,533.0,0.0018726525842253,inf,1.0000000000000002,-4.750485071441334,156.91463413477544,51.36842381052384
frozenset({'[*]c1nnc([*])n(N)c1=O'}),frozenset({'[*]SC'}),0.0018761726078799,1.0,59.22222222222222,0.0018444923949888,inf,0.9849624060150376,-73.30370349051137,-123.01212698751078,-87.64115773235743
frozenset({'[*]c1nnc([*])s1'}),frozenset({'[*]N1C(=O)N(C)CC1O'}),0.0018761726078799,1.0,533.0,0.0018726525842253,inf,1.0000000000000002,-37.82861923182655,-58.16641453607566,-227.8826800971971
frozenset({'[*]n1c(=O)c(N)c(C)n1C'}),frozenset({'[*]c1ccccc1'}),0.0018761726078799,1.0,4.981308411214953,0.0014995300768421,inf,0.8007518796992482,-295.4044654358973,-194.2436658671754,82.04317510345868
frozenset({'[*]n1c(=O)c([*])c(C)n1C'}),"frozenset({'[*]c1ccccc1', '[*]N(C)C'})",0.0018761726078799,1.0,88.83333333333333,0.0018550524659525,inf,0.9906015037593986,-228.1810253303161,-182.05636519484503,128.0356970579701
frozenset({'[*]n1c(=O)c([*])c(C)n1C'}),frozenset({'[*]c1ccccc1'}),0.0018761726078799,1.0,4.981308411214953,0.0014995300768421,inf,0.8007518796992482,-339.3636549188651,-192.4839165648109,50.71710052207805
frozenset({'[*]n1c(=O)cc(C)n1C'}),frozenset({'[*]c1ccccc1'}),0.0018761726078799,1.0,4.981308411214953,0.0014995300768421,inf,0.8007518796992482,-632.0390486173081,-239.3220681552692,88.74860085121848
"frozenset({'[*]n1ccnc1[N+](=O)[O-]', '[*]N[*]'})","frozenset({'[*]C[*]', '[*]C(=O)C[*]'})",0.0018761726078799,1.0,133.25,0.0018620925132616,inf,0.9943609022556392,-27.047331630225106,-62.68736214492985,-176.3763794848421
frozenset({'[*]n1ccnc1[N+](=O)[O-]'}),"frozenset({'[*]C[*]', '[*]C(=O)C[*]', '[*]N[*]'})",0.0018761726078799,1.0,266.5,0.0018691325605708,inf,0.99812030075188,-39.0789996329642,-62.2705329142109,-199.11017310960057
"frozenset({'[*]n1cncn1', '[*]C([*])C(=O)C(C)(C)C'})",frozenset({'[*]O[*]'}),0.0018761726078799,1.0,4.23015873015873,0.0014326496274054,inf,0.7650375939849624,-11.152650821903867,38.46884675561751,147.92863131075126
"frozenset({'[*]n1cncn1', '[*]O[*]'})",frozenset({'[*]C([*])C(=O)C(C)(C)C'}),0.0018761726078799,1.0,533.0,0.0018726525842253,inf,1.0000000000000002,-7.421362999576843,247.42905502404017,26.20936083961994
"frozenset({'[*]n1nc(C)cc1[*]', '[*]C([*])=O'})","frozenset({'[*]N(C)C', '[*]O[*]'})",0.0018761726078799,1.0,76.14285714285714,0.001851532442298,inf,0.9887218045112782,-25.19916385568228,-42.21100336321332,-354.097463502356
frozenset({'[*]n1nc(C)cc1[*]'}),"frozenset({'[*]N(C)C', '[*]O[*]', '[*]C([*])=O'})",0.0018761726078799,1.0,88.83333333333333,0.0018550524659525,inf,0.9906015037593986,-59.209438884723085,-53.440348935977525,229.201712766836
"frozenset({'[*]n1nc([*])oc1=O', '[*]C([*])=O'})","frozenset({'[*]N[*]', '[*]N(C)C'})",0.0018761726078799,1.0,41.0,0.0018304123003706,inf,0.9774436090225564,-77.77965637380724,-32.88237480575839,-66.78247227664225
"frozenset({'[*]n1nc([*])oc1=O', '[*]N(C)C', '[*]C([*])=O'})",frozenset({'[*]N[*]'}),0.0018761726078799,1.0,6.421686746987952,0.0015840106445515,inf,0.8458646616541354,-69.22612896550078,-148.3083448036746,-81.20140214684287
"frozenset({'[*]n1nc([*])oc1=O', '[*]N(C)C'})","frozenset({'[*]N[*]', '[*]C([*])=O'})",0.0018761726078799,1.0,14.026315789473683,0.0017424117090066,inf,0.9304511278195488,-80.43095018188416,-60.47251010872303,-61.24369359368694
"frozenset({'[*]n1nc([*])oc1=O', '[*]N[*]', '[*]C([*])=O'})",frozenset({'[*]N(C)C'}),0.0018761726078799,1.0,19.035714285714285,0.0017776119455522,inf,0.949248120300752,-71.55011531039084,-79.64110919012714,-171.5867672820565
"frozenset({'[*]n1nc([*])oc1=O', '[*]N[*]', '[*]N(C)C'})",frozenset({'[*]C([*])=O'}),0.0018761726078799,1.0,6.056818181818182,0.0015664105262787,inf,0.8364661654135339,-77.25733969890156,-84.70157285229321,-146.73778004963208
"frozenset({'[*]n1nc([*])oc1=O', '[*]N[*]'})","frozenset({'[*]N(C)C', '[*]C([*])=O'})",0.0018761726078799,1.0,28.05263157894737,0.0018092921584433,inf,0.9661654135338348,-78.23943806001112,-89.81858345759684,-119.13382531270278
